index,true_category,neighbor_categories,same_ratio,doc_preview
56,Cell_Phones_and_Accessories,"Electronics, Electronics, Office_Products, Cell_Phones_and_Accessories, Electronics",0.2,"Stylus Pen for HP Envy X360 Convertible 2 in 1 Laptop, EDIVIA Digital Pencil with 1.5mm Ultra Fine Tip Stylus Pen for HP"
61,Electronics,"Office_Products, Office_Products, Office_Products, Office_Products, Office_Products",0.0,Epson WorkForce Pro Wireless All-in-One Inkjet Printer (Renewed) This pre-owned or refurbished product has been professi
111,Tools_and_Home_Improvement,"Tools_and_Home_Improvement, Musical_Instruments, Toys_and_Games, Tools_and_Home_Improvement, Office_Products",0.4,Creative Crown Foam Molding | 96 Ft of 3.5 Angelo Foam Crown Molding kit W/precut Corners on end of Lengths 4 Inside & 1
112,Office_Products,"Tools_and_Home_Improvement, Office_Products, Office_Products, Tools_and_Home_Improvement, Tools_and_Home_Improvement",0.4,Maps International Medium The World is Art Wall Map - Pink - Pinboard - 24 x 36 The World Is Art is a unique range of wo
121,Automotive,"Tools_and_Home_Improvement, Tools_and_Home_Improvement, Tools_and_Home_Improvement, Tools_and_Home_Improvement, Automotive",0.2,Cim-Tek 10 m Resin-Impregnated Cellulose Elmnt for Centurion Fltr Housing 6-pack Cim-Tek 30002 10 m Resin-Impregnated Ce
125,Toys_and_Games,"Toys_and_Games, Automotive, Automotive, Toys_and_Games, Automotive",0.4,Redcat Racing Monte Carlo RC Car 1/10 Scale Fully Licensed 1979 Chevrolet Monte Carlo Lowrider – 2.4Ghz Radio Controlled
137,Electronics,"Tools_and_Home_Improvement, Tools_and_Home_Improvement, Tools_and_Home_Improvement, Tools_and_Home_Improvement, Tools_and_Home_Improvement",0.0,"Satco Durable All Weather Plastic Motion Infrared Security Sensor, Bronze Nuvo Lighting is uniquely, poised to become on"
147,Cell_Phones_and_Accessories,"Cell_Phones_and_Accessories, Electronics, Automotive, Tools_and_Home_Improvement, Tools_and_Home_Improvement",0.2,"ORORO All-New Ultra-Compact Rechargeable Battery Pack for Heated Vests, Heated Jackets and Heated Hoodies Button closure"
163,Toys_and_Games,"Automotive, Automotive, Automotive, Automotive, Automotive",0.0,"amscan Grease T-Birds Jacket 100% Leather Package Includes 1 x Mens Grease T-Birds Costume Jacket, Plus size The black l"
178,Automotive,"Tools_and_Home_Improvement, Tools_and_Home_Improvement, Office_Products, Office_Products, Tools_and_Home_Improvement",0.0,JET Infeed/Outfeed Tables Extend the table size of your JET or sander with these sturdy infeed/outfeed tables. Compatibi
181,Office_Products,"Toys_and_Games, Toys_and_Games, Toys_and_Games, Toys_and_Games, Office_Products",0.2,Really Good Stuff Classroom Go for It Chips – Set of 100 with 50 Unique Messages – Encourage Positive Feelings & Confide
182,Office_Products,"Office_Products, Office_Products, Electronics, Automotive, Electronics",0.4,"Liili Round Mouse Pad Natural Rubber Mousepad Image ID Mexican Pattern Manufacture MADE IN USA. Designed, Printed and Sh"
187,Toys_and_Games,"Toys_and_Games, Electronics, Electronics, Electronics, Electronics",0.2,YoungRC 915Mhz 100MW Radio Telemetry Air and Ground Data Transmit Module 915Mhz Radio Telemetry Kit for APM2.6 APM2.8 Pi
193,Electronics,"Electronics, Cell_Phones_and_Accessories, Toys_and_Games, Toys_and_Games, Electronics",0.4,DIYmalls 3V 2 Cells AA Battery Holder Case Storage Box with ON/Off Switch Alligator Clip Wire Cable 130mm (Pack of 4) Fe
198,Electronics,"Automotive, Electronics, Electronics, Automotive, Automotive",0.4,Rockford Fosgate RFK-HDRK Complete Amplifier Installation Kit for 1998+ Harley Davidson Road King Motorcycles The Road K
199,Cell_Phones_and_Accessories,"Electronics, Electronics, Cell_Phones_and_Accessories, Electronics, Cell_Phones_and_Accessories",0.4,"Moto G7 Power Battery, (Upgraded) MAXBEAR 3.85V Li-Polymer Replacement Battery for Motorola Moto G7 Power JK50 XT1955 Mo"
226,Office_Products,"Automotive, Toys_and_Games, Electronics, Electronics, Electronics",0.0,20 Regal Entertainment Group Premiere Movie Tickets (SAVE $50!) Buying Regal Premiere movies tickets are a great way to 
232,Office_Products,"Tools_and_Home_Improvement, Tools_and_Home_Improvement, Automotive, Tools_and_Home_Improvement, Office_Products",0.2,OLP Badge Strap Clips Qty 500 Clear Flexible Vinyl 2-3/4 Long & Metal Clip Snap 500 per pack 2-3/4 long clear vinyl badg
233,Cell_Phones_and_Accessories,"Electronics, Electronics, Tools_and_Home_Improvement, Electronics, Electronics",0.0,"Air Compressor 115v 23 Psi 115 volt 60 cyl. Newest addition, weighs only 6 lbs. Don't let the size fool you, it will do "
240,Office_Products,"Office_Products, Cell_Phones_and_Accessories, Electronics, Cell_Phones_and_Accessories, Toys_and_Games",0.2,WristCo Premium Neon Green Age Verified Plastic Secure Snap Wristbands - 500 Count 5/8 x 10 - Adjustable Size Bracelets 
248,Toys_and_Games,"Office_Products, Office_Products, Office_Products, Toys_and_Games, Toys_and_Games",0.4,Mag Genius Educational & Colorful Magnetic Building Building Block Set – Standard Building Kit IDEA BOOKLET of examples 
253,Tools_and_Home_Improvement,"Automotive, Appliances, Tools_and_Home_Improvement, Tools_and_Home_Improvement, Appliances",0.4,"TRUE Evaporator Fan Blade (7, CCW, Alum) 801001 SPECIFICATIONS OUTER DIAMETER 7 DIAMETER, 178 mm DIAMETER INNER DIAMETER"
279,Electronics,"Electronics, Cell_Phones_and_Accessories, Cell_Phones_and_Accessories, Electronics, Tools_and_Home_Improvement",0.4,"Transolid Sensio Pop Up Power & Charging Station, Gun Metal Providing a practical solution to power and charging needs, "
285,Office_Products,"Tools_and_Home_Improvement, Tools_and_Home_Improvement, Tools_and_Home_Improvement, Tools_and_Home_Improvement, Tools_and_Home_Improvement",0.0,"Ghent 3 Door Enclosed Fabric Bulletin Board, Beige Fabric/Silver Frame, 72 W x 48 H Ghent® 3 Door Enclosed Fabric Bullet"
306,Automotive,"Automotive, Musical_Instruments, Tools_and_Home_Improvement, Office_Products, Musical_Instruments",0.2,Redline Double Sided Mobile Bumper Storage Rack Load up and store your painted & primed bumpers on our Redline Double Si
312,Automotive,"Automotive, Tools_and_Home_Improvement, Tools_and_Home_Improvement, Tools_and_Home_Improvement, Tools_and_Home_Improvement",0.2,Motor Guard - Welder Stud Starter Kit (1000) Motor Guard Magna-Spot Stud Welder Kit - The Ultimate Dent Removal Tool - M
319,Electronics,"Electronics, Tools_and_Home_Improvement, Automotive, Automotive, Electronics",0.4,Dorman Rear Park Assist Camera Compatible with Select Toyota Models This park assist camera matches the fit and function
330,Automotive,"Tools_and_Home_Improvement, Tools_and_Home_Improvement, Tools_and_Home_Improvement, Tools_and_Home_Improvement, Automotive",0.2,AP Products Polar White 26 x 72 Right Handed Radius Entrance Door Towable Entry Door - Radius Polar White 1000 fiberglas
331,Office_Products,"Toys_and_Games, Toys_and_Games, Toys_and_Games, Office_Products, Office_Products",0.4,"Fun Express Plastic Stackable Paper Trays, Six Trays, Assorted Colors, Great for Classroom, Office and Home Organization"
421,Tools_and_Home_Improvement,"Tools_and_Home_Improvement, Automotive, Automotive, Automotive, Automotive",0.2,"Motor Guard M-830 3/4 NPT Shop Air Regulator Part of Motor Guard's Shop Air Management System, the model M-830 regulator"
423,Automotive,"Electronics, Automotive, Tools_and_Home_Improvement, Appliances, Electronics",0.2,Progressive International 12V Lithium Ion Battery Converter/Charger - 30 Amp Series 12V Lithium Ion Battery Converter/Ch
479,Electronics,"Automotive, Electronics, Tools_and_Home_Improvement, Tools_and_Home_Improvement, Tools_and_Home_Improvement",0.2,"11 White Cable Ties, DuPont 66 Nylon, 100 Pc. 100 self-locking DuPont 66 White Nylon cable ties. 11 Inches long with a 6"
495,Office_Products,"Tools_and_Home_Improvement, Tools_and_Home_Improvement, Tools_and_Home_Improvement, Tools_and_Home_Improvement, Tools_and_Home_Improvement",0.0,"Logo or Picture Design Custom Signs/Neon Signs/LED Signs/Night Light/Bar Signs/Edge Lit Signs/Your Own Design inches, Gr"
496,Electronics,"Office_Products, Office_Products, Office_Products, Office_Products, Office_Products",0.0,Color Plastic ID Card Printer with Complete Supplies Package with Bodno ID Software - Bronze Edition INCLUDES EVERYTHING
513,Automotive,"Electronics, Electronics, Electronics, Electronics, Tools_and_Home_Improvement",0.0,Furrion - 381661 - 50 Amp Shore Power Inlet Furrion's new stainless steel shore power inlets are modern and sleek with a
517,Tools_and_Home_Improvement,"Tools_and_Home_Improvement, Automotive, Automotive, Automotive, Automotive",0.2,AS-R16 Septic Tank Riser kit - 23.5 Dia. X 16 The NEW standard in septic tank riser safety & FREE SHIPPING. Includes saf
533,Office_Products,"Office_Products, Office_Products, Cell_Phones_and_Accessories, Cell_Phones_and_Accessories, Cell_Phones_and_Accessories",0.4,Chainway C71 Mobile Handheld Android Computer with Integrated 1D Barcode Scanner Android Computer Device IP67 Android Co
536,Automotive,"Electronics, Automotive, Tools_and_Home_Improvement, Tools_and_Home_Improvement, Tools_and_Home_Improvement",0.2,"Midtronics KIT Power Supply/Battery Charger Advanced switch-mode design Provides a cleaner, more reliable power source t"
544,Tools_and_Home_Improvement,"Tools_and_Home_Improvement, Appliances, Appliances, Appliances, Tools_and_Home_Improvement",0.4,Panasonic WhisperLine Remote Mount Inline Fan - Improve Home Air Quality with Ventilation - 440 CFM WhisperLine 440 CFM 
551,Tools_and_Home_Improvement,"Automotive, Tools_and_Home_Improvement, Tools_and_Home_Improvement, Automotive, Automotive",0.4,"US Cargo Control Adjustable Wheel Net with 4 Inch Top Strap, Fitted with Twisted Snap Hook and Ratchet with Snap Hook, E"
557,Electronics,"Tools_and_Home_Improvement, Tools_and_Home_Improvement, Tools_and_Home_Improvement, Tools_and_Home_Improvement, Automotive",0.0,LiftMaster Residential DC Linear Primary 24VDC Single Actuator Arm LiftMaster Residential 24VDC Primary Arm | The New Li
564,Electronics,"Musical_Instruments, Toys_and_Games, Musical_Instruments, Electronics, Electronics",0.4,Live At Red Rocks CD+DVD Combo 2017 WALMART EXCLUSIVE CD+DVD Combo 1. Live For The Music (Live) 2. Feel Like Makin' Love
574,Electronics,"Tools_and_Home_Improvement, Tools_and_Home_Improvement, Tools_and_Home_Improvement, Tools_and_Home_Improvement, Tools_and_Home_Improvement",0.0,Echo Studio | Glacier White with Sengled Bluetooth Color Bulb | Alexa smart home starter kit This bundle contains Echo S
586,Tools_and_Home_Improvement,"Tools_and_Home_Improvement, Automotive, Automotive, Automotive, Automotive",0.2,VIKING Men's Professional Journeyman FR Surveyor Safety Vest - Hi Vis Flame Retardant Ripstop Fabric Trusted by professi
587,Automotive,"Electronics, Tools_and_Home_Improvement, Automotive, Electronics, Cell_Phones_and_Accessories",0.2,Sando Tech 17.5'' Double Row Dream Color Chasing Aluminium Led Wheel Ring Lights IP68 Waterproof Dancing Flow Flashing R
594,Automotive,"Tools_and_Home_Improvement, Tools_and_Home_Improvement, Tools_and_Home_Improvement, Tools_and_Home_Improvement, Tools_and_Home_Improvement",0.0,Field Service Kit with 1U5804 CAT Crimp Tool for 22-12 AWG Environmentally Sealed Connectors for Caterpillar and Tractor
605,Tools_and_Home_Improvement,"Electronics, Electronics, Tools_and_Home_Improvement, Electronics, Tools_and_Home_Improvement",0.4,"12/3 AWG Triplex Tinned Marine Wire, Black/Green/White 100 Feet Type III Stranding. BLACK/GREEN/WHITE Nominal OD.230 x.5"
606,Electronics,"Musical_Instruments, Musical_Instruments, Musical_Instruments, Musical_Instruments, Musical_Instruments",0.0,"SYNCO Wireless Microphone System, G2(A1) 2.4G Lavalier 1 Transmitter & 1 Receiver Lapel Mic for Vlog Streaming YouTube f"
610,Tools_and_Home_Improvement,"Electronics, Electronics, Electronics, Electronics, Electronics",0.0,"Arlington Industries Recessed Outlet Wall Plate Kit, White Arlington Steel TV Box Recessed Outlet Wall Plate Kit, Steel "
644,Toys_and_Games,"Toys_and_Games, Musical_Instruments, Electronics, Electronics, Toys_and_Games",0.4,"iEago RC Hard Carrying Case for DJI Air 2S, Drone Body + Remote Control Travel Bag Drone Small Box with 2 Pcs Carabiner "
666,Toys_and_Games,"Electronics, Tools_and_Home_Improvement, Tools_and_Home_Improvement, Tools_and_Home_Improvement, Tools_and_Home_Improvement",0.0,C&D Visionary The Vandals with Gun Sticker C&D Visionary is a manufacturer and wholesale distributor for licensed entert
670,Tools_and_Home_Improvement,"Electronics, Tools_and_Home_Improvement, Office_Products, Tools_and_Home_Improvement, Office_Products",0.4,"3M Automotive Refinish Masking Tape, 06654, 36 mm x 55 m 3M Automotive Refinish Masking Tape is designed to meet today's"
680,Automotive,"Automotive, Automotive, Tools_and_Home_Improvement, Tools_and_Home_Improvement, Tools_and_Home_Improvement",0.4,Restoration Shop - Inferno Orange Pearl Metallic Acrylic Enamel Auto Paint - Gallon Paint Color Only - Professional Sing
700,Electronics,"Musical_Instruments, Musical_Instruments, Musical_Instruments, Musical_Instruments, Musical_Instruments",0.0,"Adam Audio T7V 7-Inch Powered Studio Monitor with Isolation Pads, XLR and TRS Cables Bundle (7 Items) Adam Audio T7V 7-I"
728,Electronics,"Electronics, Tools_and_Home_Improvement, Tools_and_Home_Improvement, Tools_and_Home_Improvement, Tools_and_Home_Improvement",0.2,"Compressed Air Duster, HOMEYA Electric Air Duster, Rechargeable Cordless 3 Gears Adjustment, Keyboard & Computer Cleaner"
729,Office_Products,"Office_Products, Musical_Instruments, Electronics, Electronics, Electronics",0.2,VEVOR Acrylic Podium 47.5 Tall Plexiglass Podium 26.8 x14.3 Table Acrylic Pulpits for Churches 8 mm Thick Acrylic Board 
749,Musical_Instruments,"Musical_Instruments, Automotive, Automotive, Musical_Instruments, Tools_and_Home_Improvement",0.4,Pedaltrain Terra SC 42 x14.5 Pedalboard with Soft Case Pedal train's largest pedal board is the perfect size for true pe
783,Office_Products,"Tools_and_Home_Improvement, Tools_and_Home_Improvement, Tools_and_Home_Improvement, Tools_and_Home_Improvement, Tools_and_Home_Improvement",0.0,"Quantum Storage Systems 2-Tier Wire Utility Cart, 2 Wire Shelves, Chrome Finish, 24 Width x 36 Length x 37-1/2 Height Ge"
795,Electronics,"Musical_Instruments, Musical_Instruments, Musical_Instruments, Musical_Instruments, Musical_Instruments",0.0,"Seismic Audio - Pair of 15 PA DJ Speakers 12 Wedge Floor Monitors PRO Audio - Band, Bar, Wedding, Church Pair of 15 Spea"
800,Automotive,"Automotive, Tools_and_Home_Improvement, Electronics, Electronics, Automotive",0.4,"Clore Automotive PL6100 Flash Reprogramming Power Supply 100 Amp The PL6100 is designed to provide stable power, on dema"
807,Office_Products,"Office_Products, Tools_and_Home_Improvement, Tools_and_Home_Improvement, Office_Products, Tools_and_Home_Improvement",0.4,Generals Pencil Charcoal Drawing Pencil Set (Cedar) The Original Charcoal Drawing Set contains a starter assortment of p
811,Electronics,"Cell_Phones_and_Accessories, Tools_and_Home_Improvement, Electronics, Appliances, Electronics",0.4,FORSPARK Camera Dehumidifying Dry Cabinet 8W 100L - Noiseless and Energy Saving - for Camera Lens and Electronic Equipme
819,Office_Products,"Automotive, Electronics, Toys_and_Games, Office_Products, Electronics",0.2,"Double Sided Sticky Dots,Adhesive Dots Sticky Putty Clear Sticky Tack Dots Removable No Trace Waterproof Adhesive Putty "
847,Automotive,"Automotive, Automotive, Electronics, Electronics, Electronics",0.4,"GoWISE Power PS1006 3000W Pure Sine Wave Power Inverter/Hardwire Terminal, Updated Model, 1 Pack Go WISE power inverter "
851,Toys_and_Games,"Toys_and_Games, Electronics, Electronics, Electronics, Musical_Instruments",0.2,"Spektrum DX5 Pro 2021 DSMR Transmitter Only, Black Medium Introduction If youre a racer, basher or boater whos looking f"
852,Electronics,"Electronics, Electronics, Tools_and_Home_Improvement, Tools_and_Home_Improvement, Tools_and_Home_Improvement",0.4,"Aputure Amaran 200X S COB Video Light,Amaran 200X Upgrade Version,Amaran 200xS 200w Aputure Amaran 200XS 250W Bi-color L"
860,Office_Products,"Toys_and_Games, Tools_and_Home_Improvement, Electronics, Toys_and_Games, Toys_and_Games",0.0,Passport to Mars Mini Notebook 48 pages | 3-1/2 x 5 This passport notebook is just the thing you need for your voyage to
864,Electronics,"Electronics, Cell_Phones_and_Accessories, Cell_Phones_and_Accessories, Electronics, Automotive",0.4,BoxWave Screen Protector Compatible With Peloton Tread - ClearTouch Anti-Glare Anti-Fingerprint Matte Film Skin for Pelo
872,Automotive,"Tools_and_Home_Improvement, Automotive, Tools_and_Home_Improvement, Automotive, Electronics",0.4,"Install Bay - Linear Actuator 8 Inch 110 Pounds 12.75 Inch Extended - Each Linear Actuators Linear Actuator, 8 Inch, 110"
897,Electronics,"Electronics, Automotive, Tools_and_Home_Improvement, Electronics, Automotive",0.4,"UClear Motion Infinity - Dual The UCLEAR Motion Series is based on direct feedback from riders, dealers, and industry ex"
900,Tools_and_Home_Improvement,"Automotive, Automotive, Automotive, Automotive, Automotive",0.0,Volkswagen Beetle Replacement Turn Signal Light (without Socket & Bulb) - Driver Side Aftermarket OEM Replacement Signal
930,Toys_and_Games,"Tools_and_Home_Improvement, Tools_and_Home_Improvement, Tools_and_Home_Improvement, Tools_and_Home_Improvement, Office_Products",0.0,"NERF Fortnite Rift Edge Harvesting Tool - Foam-Covered Blade – 23 Handle, 11 Blade - for Youth, Teens, Adults The Nerf F"
932,Electronics,"Electronics, Office_Products, Musical_Instruments, Musical_Instruments, Musical_Instruments",0.2,Blackmagic Design DaVinci Resolve Studio for Mac/Win/Linux (BMD-DV/RESSTUD) Blackmagic Design's new DaVinci Resolve 12 h
933,Office_Products,"Office_Products, Tools_and_Home_Improvement, Tools_and_Home_Improvement, Office_Products, Tools_and_Home_Improvement",0.4,"ARRLSDB Diary with Lock, PU Leather Multi Color Combination Lock Journal (Combination Lock Diary) A6 Refillable Personal"
945,Automotive,"Tools_and_Home_Improvement, Tools_and_Home_Improvement, Tools_and_Home_Improvement, Tools_and_Home_Improvement, Musical_Instruments",0.0,ANEST IWATA Low Pressure Center Cup Gun (1.4mm Nozzle) Spray Without Cup… ● Full model change product of former model ● 
951,Electronics,"Electronics, Electronics, Automotive, Tools_and_Home_Improvement, Automotive",0.4,"Yezmo 100 PCS Wednesday New Addams Stickers Wednesday Sticker Merchandise, Wensday Vinyl Waterproof Stickers Pack for Wa"
970,Automotive,"Automotive, Automotive, Electronics, Electronics, Electronics",0.4,"Xantrex Freedom XI Inverter, Freedom XI 2000W 12V True-Sine, Freedom XI, Mfg# pure sine inverter, 2000 watts, 60 Hz, 16."
971,Office_Products,"Tools_and_Home_Improvement, Automotive, Tools_and_Home_Improvement, Tools_and_Home_Improvement, Tools_and_Home_Improvement",0.0,"Sneeze Guard Desk Shield with Transaction Window, Clear Acrylic Shield 32 W x 24 H Protective Freestanding Shield, Trans"
991,Office_Products,"Electronics, Electronics, Electronics, Electronics, Electronics",0.0,"Curso de INGLES MP3, Aprende Ingles en 3 Meses, CURSO DE Ingles (Incluye reproductor mp3 compacto con 124 Lecciones + Li"
999,Office_Products,"Office_Products, Electronics, Office_Products, Electronics, Tools_and_Home_Improvement",0.4,"BONSEN Heavy Duty Paper Shredder, Cross-Cut Shredder, 40-Min Continuous Running Time, Commercial Grade Shredder for Offi"
1015,Tools_and_Home_Improvement,"Tools_and_Home_Improvement, Tools_and_Home_Improvement, Electronics, Electronics, Automotive",0.4,"System Sensor P2RK Outdoor Horn Strobe, Wall Mounted, 2 Wire, Red Outdoor Horn Strobe, Two-Wire, Finish Red, Wall Mounti"
1019,Tools_and_Home_Improvement,"Tools_and_Home_Improvement, Office_Products, Office_Products, Office_Products, Office_Products",0.2,Uboxes Pro Economy Moving Blankets (2 Pack) 72 x80 Blue Qty Set of 2 Blankets total Size 72 x 80 Color Light Blue/Light 
1028,Toys_and_Games,"Toys_and_Games, Tools_and_Home_Improvement, Tools_and_Home_Improvement, Tools_and_Home_Improvement, Tools_and_Home_Improvement",0.2,Doctor Who - The Tenth Doctor's Sonic Screwdriver From the Manufacturer Let the Doctor help you get all of your home and
1030,Cell_Phones_and_Accessories,"Office_Products, Office_Products, Office_Products, Office_Products, Musical_Instruments",0.0,"LUXOR 30 Tablet/Chromebook Charging Station, Black Meets ansi/bifma standards Charges up to 30 tablets or chrome books ("
1048,Automotive,"Musical_Instruments, Office_Products, Office_Products, Electronics, Tools_and_Home_Improvement",0.0,Russell by Edelbrock MA-956 CHROME 31-1/2 Table Leg Sockets mount to floor and bottom of table. Tapered column ends of s
1051,Electronics,"Electronics, Cell_Phones_and_Accessories, Cell_Phones_and_Accessories, Electronics, Cell_Phones_and_Accessories",0.4,"BATYUE Samsung Galaxy Tab A8 Case 10.5'' 2022 with Pencil Holder 360 Rotating Hand Strap &Stand, Drop-Proof Cover for Ga"
1088,Tools_and_Home_Improvement,"Tools_and_Home_Improvement, Automotive, Automotive, Tools_and_Home_Improvement, Electronics",0.4,Morris Products 59100 Heavy Duty Solenoid Voltage/Continuity Tester Self-storing prods. Solenoid Sensing indicated by LE
1089,Electronics,"Cell_Phones_and_Accessories, Electronics, Cell_Phones_and_Accessories, Cell_Phones_and_Accessories, Cell_Phones_and_Accessories",0.2,"T-Mobile By ASUS Dual-Band Gigabit Router, AiProtection with Trend Micro for Complete Network Security dual-band Wireles"
1146,Musical_Instruments,"Electronics, Musical_Instruments, Electronics, Electronics, Electronics",0.2,Orange 2x12 Cabinet Celestion V30 16 Ohm Black 2x12 Closed-back Cabinet with Celestion Vintage 30 Speakers Output 120W (
1148,Tools_and_Home_Improvement,"Tools_and_Home_Improvement, Automotive, Automotive, Tools_and_Home_Improvement, Automotive",0.4,"Prier 479-08 400 FF FCT 1/2 F X 3/4 M, Other Product Description Prier is in business to develop, manufacture, market, s"
1180,Tools_and_Home_Improvement,"Automotive, Automotive, Automotive, Automotive, Automotive",0.0,AUTOANDART Brock Replacement Passenger Rear Power Window Regulator with Lift Motor Assembly Compatible with Bonneville P
1182,Electronics,"Automotive, Tools_and_Home_Improvement, Electronics, Tools_and_Home_Improvement, Tools_and_Home_Improvement",0.2,"Asante TapTap 3, The 3rd Generation Light Show Creator Empowered by AI Technology to Allow You to Create Amazing Light S"
1208,Musical_Instruments,"Electronics, Musical_Instruments, Tools_and_Home_Improvement, Tools_and_Home_Improvement, Tools_and_Home_Improvement",0.2,"V-Show 200w led Stage par, Stage COB par,LED Blinder 2Head Light Warm White 3000K, 2 Eyes Wash LED, for Wedding Christma"
1249,Office_Products,"Office_Products, Toys_and_Games, Cell_Phones_and_Accessories, Office_Products, Cell_Phones_and_Accessories",0.4,200Pcs Holographic Plastic Wristbands Silver Party Wristbands Vinyl Waterproof Wristbands for Events Club Music Festival
1250,Tools_and_Home_Improvement,"Automotive, Automotive, Automotive, Automotive, Automotive",0.0,"Saint-Gobain ADFORS Grille, 24 x 30, Silver Product Description Saint-Gobain ADFORS door grilles feature a special steel"
1258,Electronics,"Office_Products, Office_Products, Tools_and_Home_Improvement, Tools_and_Home_Improvement, Tools_and_Home_Improvement",0.0,"MBM Destroyit 2445 P-2 Strip-cut Deskside Paper Shredder, 3/16 (4mm) Strip Width, 27 ft./minShred Speed, 9 gal. Shred Vo"
1259,Electronics,"Automotive, Electronics, Tools_and_Home_Improvement, Electronics, Tools_and_Home_Improvement",0.4,Thomas and Betts TR TY28MX Cable TIE 50LB 14 UV BLK (Pack of 1000) The Ty-Rap TY28MX has a nominal length of 14 with a 5
1267,Tools_and_Home_Improvement,"Automotive, Automotive, Automotive, Automotive, Automotive",0.0,CUB CADET Control Cable Z SC IP HW HW EZ EQ EQ E 900 500EZ 500 300 Genuine OEM Cub Cadet MPN Previous MPN Fitment Compat
1281,Tools_and_Home_Improvement,"Automotive, Tools_and_Home_Improvement, Automotive, Automotive, Tools_and_Home_Improvement",0.4,Farmertec Holzfforma G660 MS660 Includes 36 inch Bar and Chain 2-4 DAY Delivery Farmertec Holzfforma G660 MS660 Chainsaw
1298,Musical_Instruments,"Tools_and_Home_Improvement, Musical_Instruments, Automotive, Musical_Instruments, Electronics",0.4,"Ibanez, Tremolo Arm Product Description The UTA20 ultralite tremolo arm achieved a significant reduction in weight by ut"
1302,Automotive,"Toys_and_Games, Toys_and_Games, Toys_and_Games, Automotive, Toys_and_Games",0.2,Allstar Performance Chassis Dollies Steel chassis dollies allow a car or chassis to be moved around the shop easily and 
1406,Tools_and_Home_Improvement,"Electronics, Electronics, Electronics, Electronics, Electronics",0.0,Platinum Tools Ezex44 Shielded RJ45 External Ground Connector Accessory Box Platinum Tools Ezex44 Shielded RJ45 External
1445,Tools_and_Home_Improvement,"Office_Products, Office_Products, Office_Products, Tools_and_Home_Improvement, Tools_and_Home_Improvement",0.4,"Academia Maps Colorful World Map Mural, Giant 89x60 Inch. Self Sticking World Map Wallpaper. Peel and Stick Wall Decal. "
1472,Cell_Phones_and_Accessories,"Tools_and_Home_Improvement, Automotive, Automotive, Tools_and_Home_Improvement, Automotive",0.0,Utilimedic+ UV8LED Fast Wireless Charging Pad for Car & Home | UV Light Phone Sanitizer for Cell Phone | Eliminates 99.9
1480,Electronics,"Cell_Phones_and_Accessories, Electronics, Automotive, Electronics, Cell_Phones_and_Accessories",0.4,Ramtech DC 12V 2A Car Charger Power Adapter Cable Cord for GPS for Garmin Nuvi 2450 2450LM 2455 2455LT 2460 2460LT 2460L
1483,Tools_and_Home_Improvement,"Office_Products, Automotive, Tools_and_Home_Improvement, Tools_and_Home_Improvement, Electronics",0.4,"Petra Roc Safety Vest ANSI Class 2, Two Tone Lime Solid with Orange Contrast Binding, 2x1 Laminated Reflective Tapes, Zi"
1490,Toys_and_Games,"Toys_and_Games, Toys_and_Games, Automotive, Automotive, Automotive",0.4,"Redcat Racing Rampage MT V3 Gas Truck (1/5 Scale), Orange/Flame Got Gas?? Be the biggest and baddest on the block with t"
1503,Toys_and_Games,"Toys_and_Games, Tools_and_Home_Improvement, Office_Products, Automotive, Office_Products",0.2,24in Spin to Win Dry Erase Prize Wheel with Special Sections Top Quality and Built to Last! Re-Open with a Spin! Spin th
1510,Tools_and_Home_Improvement,"Automotive, Tools_and_Home_Improvement, Office_Products, Toys_and_Games, Tools_and_Home_Improvement",0.4,JET 723551 Folding Infeed/Outfeed Tables (for and Infeed/outfeed tables assist in holding longer boards in and out of yo
1515,Office_Products,"Electronics, Cell_Phones_and_Accessories, Cell_Phones_and_Accessories, Cell_Phones_and_Accessories, Cell_Phones_and_Accessories",0.0,Line Leader 30 Unit Mobile Charging Cart with Locking Cabinet | 5-Min Assembly UL-Certified Charging Station for Tablets
1533,Office_Products,"Office_Products, Electronics, Musical_Instruments, Office_Products, Electronics",0.4,Pocketalk Classic Language Translator Device - Portable Two-Way Voice Interpreter - 82 Language Smart Translations in Re
1539,Toys_and_Games,"Tools_and_Home_Improvement, Tools_and_Home_Improvement, Tools_and_Home_Improvement, Tools_and_Home_Improvement, Tools_and_Home_Improvement",0.0,"Thumler's Tumbler Model A-R2 Kit Rock Tumbler Thumler's Model A-R2 No. 115 Versatile two-barrel, 6 lb. capacity tumbler."
1546,Tools_and_Home_Improvement,"Electronics, Tools_and_Home_Improvement, Musical_Instruments, Automotive, Electronics",0.2,"Rachio Outdoor Enclosure, for 1st Generation Sprinkler Controller - Gray NEMA Type 3R / IP42 rated weather proof ABS enc"
1559,Musical_Instruments,"Electronics, Musical_Instruments, Electronics, Electronics, Office_Products",0.2,"Procraft 2U 12 Deep Equipment Rack 2 Space - Made in the USA - With Rack Screws Procraft 2U equipment rack 12 deep, 3/4 "
1566,Automotive,"Tools_and_Home_Improvement, Tools_and_Home_Improvement, Tools_and_Home_Improvement, Automotive, Automotive",0.4,Rv Roof Magic – Fix RV Roof Leaks 4 Gallon Pail White Liquid Rubber Sealant Cover 200 SQFT – Liquid Rubber Waterproof RV
1574,Tools_and_Home_Improvement,"Tools_and_Home_Improvement, Electronics, Tools_and_Home_Improvement, Automotive, Cell_Phones_and_Accessories",0.4,"Fluke BP500 Li-Ion Battery, 7.4V, Li-Ion Battery for Fluke Battery Analyzers with 7.4V, Highly Reliable Status Indicator"
1585,Tools_and_Home_Improvement,"Automotive, Automotive, Tools_and_Home_Improvement, Tools_and_Home_Improvement, Automotive",0.4,VENDACE Hi Vis Reflective Safety Winter Jackets for Men Polar Fleece Lining ANSI Class 1 High Visibility Jacket Black(Bl
1590,Office_Products,"Toys_and_Games, Toys_and_Games, Office_Products, Electronics, Office_Products",0.4,The Home Fusion Company 1000 Cloakroom Draw Raffle Tombola Numbered Tickets Book Fetes School Office Cloakroom Draw Raff
1612,Office_Products,"Office_Products, Electronics, Office_Products, Electronics, Electronics",0.4,Polycom VVX D60 Base Station with Wireless Handset - 4 Line PoE - AC Adapter Not Included Includes Polycom VVX D60 Wirel
1617,Electronics,"Musical_Instruments, Tools_and_Home_Improvement, Tools_and_Home_Improvement, Electronics, Electronics",0.4,"HQRP AC Power Cable Cord Compatible with VIZIO E-Series E Series LED Smart TV Plus HQRP Euro Plug Adapter, Black Compati"
1663,Electronics,"Automotive, Electronics, Toys_and_Games, Electronics, Toys_and_Games",0.4,Simrad TP10 Tillerpilot The TP range delivers reliable auto steering for boats with tillers up to 32ft in length. Simple
1672,Tools_and_Home_Improvement,"Tools_and_Home_Improvement, Toys_and_Games, Office_Products, Automotive, Office_Products",0.2,"Bowflex Weight Bench Series Space-saving design 4 different adjustment angles for total versatility -20°, 0°, 45° 90° Se"
1686,Electronics,"Electronics, Office_Products, Office_Products, Electronics, Office_Products",0.4,"Voice Labeling System The Labeller features easy to use, bright yellow buttons and a 4GB internal memory. Use the includ"
1699,Electronics,"Tools_and_Home_Improvement, Tools_and_Home_Improvement, Electronics, Tools_and_Home_Improvement, Electronics",0.4,"uxcell 5PCS AC 6 Terminals DPDT Voltage Selector Slide Switch Features black plastic case, red slide button, DPDT, 6 sil"
1714,Toys_and_Games,"Toys_and_Games, Automotive, Automotive, Automotive, Automotive",0.2,Integy RC Model Billet Machined Piggyback Shock Set (8) for Traxxas 1/10 Scale E-Maxx Brushless OVERVIEW Upgrade the sus
1727,Tools_and_Home_Improvement,"Appliances, Appliances, Appliances, Tools_and_Home_Improvement, Appliances",0.2,"Eemax EX630 Replacement Element Product Description Replacement element for EX95, EX95T From the Manufacturer Single poi"
1763,Toys_and_Games,"Office_Products, Office_Products, Office_Products, Toys_and_Games, Office_Products",0.2,"Entertaining with Caspari Double Deck of Bridge Playing Cards, Palms From the Manufacturer Caspari Playing Cards featuri"
1770,Automotive,"Electronics, Electronics, Electronics, Toys_and_Games, Electronics",0.0,9320-R DiabloSport Trinity 2 EX Platinum w/ PCM Swap The Trinity (T2) Platinum is the most advanced performance programm
1780,Electronics,"Electronics, Musical_Instruments, Musical_Instruments, Musical_Instruments, Musical_Instruments",0.2,Executive Communication Systems SoundTech Professional Gooseneck Microphone The gooseneck is specially designed for prof
1789,Electronics,"Electronics, Electronics, Musical_Instruments, Musical_Instruments, Musical_Instruments",0.4,Olympus Digital Voice Recorder Product Description Olympus PC Downloadable digital voice recorder with 36 hour recording
1794,Tools_and_Home_Improvement,"Automotive, Electronics, Automotive, Electronics, Electronics",0.0,BEMONOC DIY Design DC 24V Linear Actuator Reciprocating Motor Stroke 70mm Adjustable+Switching Power Supply Speed Contro
1802,Office_Products,"Office_Products, Toys_and_Games, Toys_and_Games, Office_Products, Toys_and_Games",0.4,"12 Pack First & Last Day of School Chalkboard with 5 Markers, 14” X 11” Back to School Board for Kids, My First Last Day"
1819,Musical_Instruments,"Electronics, Automotive, Automotive, Electronics, Musical_Instruments",0.2,"PDP Main Rack Package PDP Rack Systems were designed especially for working drummers. PDP Racks are built to last, with "
1822,Tools_and_Home_Improvement,"Electronics, Electronics, Tools_and_Home_Improvement, Electronics, Electronics",0.2,"Woods 100' 14/2 MC Alum Cable, 100 Foot Black 2 Conductor Armorlite Type MC Solid Metal Clad Cable with Aluminum Armor a"
1828,Toys_and_Games,"Automotive, Automotive, Toys_and_Games, Automotive, Toys_and_Games",0.4,Traxxas 8270 Canyon Trail 1.9 Tires Foam Inserts (S1 Compound) These are #8270 Canyon trail tires for the 1/10 Traxxas t
1887,Electronics,"Toys_and_Games, Toys_and_Games, Automotive, Electronics, Electronics",0.4,MaximalPower Drone Balance Charger with Adapter Converter for Parrot AR 1.0 & 2.0 Drone Batteries With MaximalPower's Ba
1914,Office_Products,"Tools_and_Home_Improvement, Tools_and_Home_Improvement, Tools_and_Home_Improvement, Tools_and_Home_Improvement, Automotive",0.0,"SUNLITE 8/2RS Clear 24x48 (5 SHT) Sunlite is a multi-wall polycarbonate panel that is lightweight, yet impact resistant,"
1923,Electronics,"Cell_Phones_and_Accessories, Cell_Phones_and_Accessories, Cell_Phones_and_Accessories, Cell_Phones_and_Accessories, Cell_Phones_and_Accessories",0.0,"Total by Verizon Motorola Moto g Power, 64GB, Black - Prepaid Smartphone (Locked) The possibilities are endless with the"
1927,Toys_and_Games,"Toys_and_Games, Toys_and_Games, Automotive, Automotive, Tools_and_Home_Improvement",0.4,Joytech Tesla Coil SGTC Acrylic Base Shell Arc Wireless Transmission Experiment Desktop Toy Model YS21 PRECISE PROCESSIN
1928,Tools_and_Home_Improvement,"Electronics, Electronics, Electronics, Automotive, Tools_and_Home_Improvement",0.2,"Katalox Light KL-10 KL Advanced Filter Media for Iron, Manganese and Hydrogen Sulfide cu.ft, 1 Count (Pack of 1) Katalox"
1931,Musical_Instruments,"Musical_Instruments, Musical_Instruments, Electronics, Electronics, Electronics",0.4,Harmony Replacement 15 PA Speaker Woofer Compatible with Mackie Specifications 15 Pro Audio Midrange PA Woofer 15 Pro Au
1936,Electronics,"Tools_and_Home_Improvement, Tools_and_Home_Improvement, Tools_and_Home_Improvement, Tools_and_Home_Improvement, Tools_and_Home_Improvement",0.0,"SMALLRIG Right Side Rosette Wooden Handle for Shoulder Mount Support Rig, Right Hand - 1941 ROSETTE WOODEN HANDLE SMALLR"
1952,Office_Products,"Tools_and_Home_Improvement, Tools_and_Home_Improvement, Tools_and_Home_Improvement, Tools_and_Home_Improvement, Tools_and_Home_Improvement",0.0,VPABES 32 Inch Barber Shop Pole Red White Blue Stripes Rotating LED Light Waterproof Save Energy Salon Shop Sign Wall La
1965,Tools_and_Home_Improvement,"Appliances, Automotive, Automotive, Appliances, Automotive",0.0,40 long 430 Stainless Steel Sheet Wall Cover/Roof Plate/Kick Plate/Range Hood Back Splash 24 Gauge 0.024 (40 x 21 ) This
2006,Office_Products,"Toys_and_Games, Toys_and_Games, Office_Products, Tools_and_Home_Improvement, Tools_and_Home_Improvement",0.2,RED EMBER Border Collies 2023 Hangable Monthly Wall Calendar | 12 x 24 Open | Thick & Sturdy Paper | Giftable | Cute Dog
2007,Toys_and_Games,"Office_Products, Toys_and_Games, Automotive, Toys_and_Games, Automotive",0.4,S&S Worldwide Balsa-Wood Top Gun Glider Model Planes. Assemble Planes and Decorate with Paints or Markers. Perfect for F
2017,Electronics,"Electronics, Musical_Instruments, Musical_Instruments, Musical_Instruments, Musical_Instruments",0.2,Oyaide Insulator Four-piece 1-set Ins-sp Product Description Hair line finish which is strong to the corrosion of rust e
2039,Toys_and_Games,"Automotive, Automotive, Automotive, Automotive, Automotive",0.0,Losi Tuned Exhaust Pipe Gas Engines 5IVE-T Replacement Engine Parts Car/Boat Key Features Separate conical header and an
2050,Electronics,"Electronics, Automotive, Automotive, Automotive, Automotive",0.2,"Astromania Protective Telescope Cover with Fixing Strap, Diameter 37.6 - Protect Your Telescope Against dust, Moisture a"
2079,Electronics,"Electronics, Electronics, Tools_and_Home_Improvement, Tools_and_Home_Improvement, Tools_and_Home_Improvement",0.4,StudioFX 1600 WATT H9004S Digital Photography Continuous Softbox Lighting Studio Video Portrait Kit H9004S Ideal for por
2083,Electronics,"Tools_and_Home_Improvement, Tools_and_Home_Improvement, Tools_and_Home_Improvement, Tools_and_Home_Improvement, Electronics",0.2,PHILMORE ST1500 1500 Watt Step Up/Step Down Transformer 110V AC to 220V AC or 220V AC to 110V AC Heavy Duty Transformer 
2092,Office_Products,"Office_Products, Electronics, Electronics, Office_Products, Electronics",0.4,"HP - LaserJet Enterprise 500 MFP M525dn Multifunction Laser Printer, Copy/Print/Scan CF116A (DMi EA (Renewed) This pre-o"
2095,Tools_and_Home_Improvement,"Tools_and_Home_Improvement, Automotive, Electronics, Electronics, Tools_and_Home_Improvement",0.4,"14 1/2 W x 52 H Mid-America Vinyl, Standard Size Cathedral Top Center Mullion, Open Louver Shutter, w/Installation Shutt"
2125,Tools_and_Home_Improvement,"Tools_and_Home_Improvement, Musical_Instruments, Toys_and_Games, Automotive, Musical_Instruments",0.2,48 Ft of 3.5 Duncan Foam Crown Molding room kit W/precut corners on end of lengths (AVAILABLE IN 5 OTHER STYLES AND QUAN
2126,Tools_and_Home_Improvement,"Automotive, Automotive, Automotive, Automotive, Automotive",0.0,Oakley Latch Beta Sunglasses Marc Marquez Matte Olive with Prizm Black Lens Latch Beta is crafted with a handy kick-up l
2137,Tools_and_Home_Improvement,"Office_Products, Tools_and_Home_Improvement, Office_Products, Tools_and_Home_Improvement, Office_Products",0.4,"#15 Flat Crown Cable Tacker Staples - 630 ct. Surebonder 15532 #15 Flat Crown Cable Tacker Staples, Fits up to Flat Cabl"
2138,Office_Products,"Office_Products, Tools_and_Home_Improvement, Tools_and_Home_Improvement, Automotive, Tools_and_Home_Improvement",0.2,"Salsbury Industries Triple Tier Wide 6-Feet High Deep Unassembled Extra Wide Standard Metal Locker, Gray Salisbury 53000"
2164,Electronics,"Office_Products, Electronics, Electronics, Toys_and_Games, Cell_Phones_and_Accessories",0.4,"Private Pilot Virtual Test Prep Embracing the power of audiovisual presentation, aviation training authority ASA moves w"
2173,Automotive,"Tools_and_Home_Improvement, Tools_and_Home_Improvement, Tools_and_Home_Improvement, Tools_and_Home_Improvement, Tools_and_Home_Improvement",0.0,"GarageVac Black Wall Mounted Garage Vacuum with Accessory Compact GarageVac saves valuable garage space. Sleek, lightwei"
2177,Electronics,"Office_Products, Office_Products, Office_Products, Electronics, Office_Products",0.2,NEW Bluetooth Magstripe Encoder Credit Card Reader Writer Swipe MSR206 MSR605 MSR606 MSRX6 MSRX6 BT is smallest bluetoot
2179,Electronics,"Electronics, Electronics, Musical_Instruments, Musical_Instruments, Musical_Instruments",0.4,SoundArtist Stereo Amplifier HiFi Integrated Amplifier with Remote Control (Black) Product introduction SoundArtist Inte
2182,Office_Products,"Tools_and_Home_Improvement, Office_Products, Cell_Phones_and_Accessories, Electronics, Cell_Phones_and_Accessories",0.2,"SLNT Multishield Faraday Fabric with Silent Pocket - Perfect for Signal Blocking DIY Projects, Soft & Will Not Scratch D"
2190,Cell_Phones_and_Accessories,"Electronics, Electronics, Electronics, Electronics, Electronics",0.0,LONJADE Selfie Stick Tripod inch Extendable Selfie Stick 4 in 1 Phone Tripod Stand with Remote Handheld Travel Holder Co
2194,Automotive,"Automotive, Electronics, Automotive, Electronics, Tools_and_Home_Improvement",0.4,"K9 Unit Police Dog Vinyl Sticker Decal (V172) K-9 Choose Color!! Law Enforcement (16 x 3, White) ITEMS ARE SENT IN PLAIN"
2197,Cell_Phones_and_Accessories,"Tools_and_Home_Improvement, Tools_and_Home_Improvement, Tools_and_Home_Improvement, Tools_and_Home_Improvement, Tools_and_Home_Improvement",0.0,"Kitoo Model 5717 Orange Gut Hook Hunting Knife.......High Carbon, Stainless 4 3/8 Double-D Serated Edge 7/8 Durable Krat"
2201,Cell_Phones_and_Accessories,"Cell_Phones_and_Accessories, Cell_Phones_and_Accessories, Electronics, Tools_and_Home_Improvement, Electronics",0.4,ENEGON White and Black Portable Charger Power Bank Fast Charging with Built-in Cable and AC Wall Plug ENEGON Portable Ch
2215,Electronics,"Musical_Instruments, Electronics, Musical_Instruments, Musical_Instruments, Musical_Instruments",0.2,"Rockville House Party System 10 1000w Bluetooth LED Booming Bass Home Speakers What's in the Box (2) Speakers, 15 ft cab"
2221,Electronics,"Musical_Instruments, Electronics, Tools_and_Home_Improvement, Tools_and_Home_Improvement, Tools_and_Home_Improvement",0.2,Full Version USB Hart Modem Hart -USB Modem Hart Transmitter with Built-in 24VDC & Loop Resistor for All HART Device App
2229,Electronics,"Tools_and_Home_Improvement, Tools_and_Home_Improvement, Tools_and_Home_Improvement, Tools_and_Home_Improvement, Tools_and_Home_Improvement",0.0,Works Extra Heavy Duty 14 AWG Power Cord IEC320 C14 Male to IEC320 C19 Female Features. Extra Heavy Duty 14 AWG Power Co
2246,Electronics,"Electronics, Electronics, Cell_Phones_and_Accessories, Cell_Phones_and_Accessories, Cell_Phones_and_Accessories",0.4,Car Headrest Tablet Holder Universal - Universal Head Mount Car Phone Holder Mount IPad Car Holder Back Seat - Adjustabl
2251,Electronics,"Cell_Phones_and_Accessories, Electronics, Office_Products, Cell_Phones_and_Accessories, Cell_Phones_and_Accessories",0.2,"HPHRE Airtag Bracelet for Kids(4 Pack), Airtags Wristband Watch Band Toddler Baby Children Elders, Adjustable Elastic Ra"
2253,Tools_and_Home_Improvement,"Office_Products, Electronics, Electronics, Office_Products, Automotive",0.0,MAKO 2” Rebar Support Chair with Flat Base (Pack of 500) – Fits Bar Sizes 3-4 – Heavy Duty & Durable Plastic Concrete Re
2266,Electronics,"Cell_Phones_and_Accessories, Cell_Phones_and_Accessories, Cell_Phones_and_Accessories, Cell_Phones_and_Accessories, Cell_Phones_and_Accessories",0.0,Original 6.95 inch LCD Screen for Garmin DriveSmart 65 GPS Navigation LCD Display Screen Panel Replacement Compatible wi
2272,Electronics,"Electronics, Automotive, Automotive, Tools_and_Home_Improvement, Electronics",0.4,Misayaee Rear View Back Up Reverse Parking Camera in License Plate Lighting Night Version (NTSC) for RAV4 RAV-4 (Only wi
2276,Automotive,"Appliances, Tools_and_Home_Improvement, Tools_and_Home_Improvement, Appliances, Appliances",0.0,"Detail King Chamois Wringer An adjustable, gearless, pressure-wringer designed for the professional, this chamois wringe"
2277,Automotive,"Automotive, Automotive, Tools_and_Home_Improvement, Tools_and_Home_Improvement, Tools_and_Home_Improvement",0.4,"BioFROST Concentrate 5 Gallon - Biobased, Food Contact Safe, Inhibited Propylene Glycol BioFROST is a concentrated bioba"
2287,Automotive,"Automotive, Appliances, Tools_and_Home_Improvement, Tools_and_Home_Improvement, Automotive",0.4,JUST INTRODUCED! Air Force Master Blaster Revolution with 30' Hose MB-3CD SWB-30 The Car Dryer power you've counted on f
2294,Electronics,"Cell_Phones_and_Accessories, Cell_Phones_and_Accessories, Cell_Phones_and_Accessories, Cell_Phones_and_Accessories, Electronics",0.2,IQ Shield Screen Protector Compatible with Samsung Galaxy Tab 3 7.0 LiquidSkin Anti-Bubble Clear Film IQ Shield LIQuidSk
2313,Tools_and_Home_Improvement,"Electronics, Electronics, Automotive, Automotive, Automotive",0.0,Gate Crafters Outdoor Buried Driveway Exit Sensor CS-202 Series EMX Carsense 202 Exit Wand - Automobile sensor is buried
2320,Automotive,"Tools_and_Home_Improvement, Automotive, Automotive, Tools_and_Home_Improvement, Tools_and_Home_Improvement",0.4,Salt Plus Manta Bolt Drive Sprocket 25t Oilslick Includes Adaptors for 19 and Salt Plus Manta Chainwheels Features alloy
2343,Tools_and_Home_Improvement,"Automotive, Tools_and_Home_Improvement, Musical_Instruments, Tools_and_Home_Improvement, Automotive",0.4,"Somfy Decoflex Wirefree RTS Wall Switch, 5 Channel, White Controls up to 5 Window Shades Decoflex will control up to 5 w"
2351,Automotive,"Tools_and_Home_Improvement, Tools_and_Home_Improvement, Automotive, Tools_and_Home_Improvement, Electronics",0.2,AMSTEEL Blue U.S. Made 1/2 inch x 50 ft. Winch Rope Extension lb Strength) AmSteel Blue is the latest development of HMP
2353,Electronics,"Cell_Phones_and_Accessories, Electronics, Cell_Phones_and_Accessories, Electronics, Cell_Phones_and_Accessories",0.4,SAMSUNG Galaxy S21 FE 5G - 128 GB - Navy (T-Mobile)(Renewed) The product is refurbished and is fully functional. Backed 
2354,Office_Products,"Tools_and_Home_Improvement, Toys_and_Games, Electronics, Office_Products, Toys_and_Games",0.2,Element Groups (Materials for up to 8 Groups) The activities in this kit focus on developing a better understanding of w
2357,Cell_Phones_and_Accessories,"Cell_Phones_and_Accessories, Cell_Phones_and_Accessories, Electronics, Office_Products, Office_Products",0.4,Voyager 5200 Charging Case Black Recharge on the go with the optional Voyager 5200 charging case and docking stand for u
2358,Musical_Instruments,"Electronics, Musical_Instruments, Electronics, Musical_Instruments, Electronics",0.4,"Monster Prolink Studio Pro 2000 Speaker Cable Straight to Straight, 12 ft, Straight 1/4 Plugs HIGH-POWERED PERFORMANCE G"
2359,Cell_Phones_and_Accessories,"Electronics, Electronics, Electronics, Electronics, Electronics",0.0,"BiXPower High Capacity or Multi Outputs (5V, 9~12V, Rechargeable Battery Pack BP90 This Universal External Lithium Recha"
2368,Automotive,"Tools_and_Home_Improvement, Tools_and_Home_Improvement, Automotive, Tools_and_Home_Improvement, Tools_and_Home_Improvement",0.2,"Fluke - 880849 RPM80 RPM Probe with Inductive Pick-Up External Trigger Value-priced, high quality tools - leading the ma"
2372,Electronics,"Electronics, Tools_and_Home_Improvement, Electronics, Tools_and_Home_Improvement, Tools_and_Home_Improvement",0.4,Photo Video Studio fluoreescent Cool Light Bank Linco Flora with softbox Thanks to a newly developed ballast technology 
2373,Office_Products,"Electronics, Toys_and_Games, Electronics, Toys_and_Games, Toys_and_Games",0.0,"500 Pieces 1.5 Inch St Patrick's Day Stickers Roll - Green Lucky Shamrock Clover Leprechaun Label Stickers for Kids, St."
2381,Electronics,"Cell_Phones_and_Accessories, Cell_Phones_and_Accessories, Automotive, Automotive, Automotive",0.0,"Wonderfulhz Screen Protector Compatible with 2022+ Sequoia,Sequoia/Tundra 8 Inch Touch Screen,Anti Glare Scratch,Shock-R"
2389,Tools_and_Home_Improvement,"Automotive, Automotive, Automotive, Automotive, Automotive",0.0,HEADLIGHTSDEPOT Park Light Compatible with Toyota Sequoia Tundra Includes Right Passenger Side Park Light Corner Lamp Th
2406,Toys_and_Games,"Automotive, Toys_and_Games, Automotive, Toys_and_Games, Automotive",0.4,Round 2 The Three Stooges 1940 Ford Sedan Delivery 1 25 Scale Model Kit From the Manufacturer The all-time classic comed
2414,Toys_and_Games,"Automotive, Toys_and_Games, Automotive, Automotive, Automotive",0.2,Pro-line Racing 1/10 1999 Ford Mustang Clr Bdy Drag Car Car/Truck Bodies Wings & Decals Pro-line Racing 1/10 1999 Ford M
2434,Automotive,"Automotive, Electronics, Automotive, Tools_and_Home_Improvement, Electronics",0.4,Not Today Satan Sticker Decal Notebook Car Laptop 5.5 (White) This is a high quality vinyl decal that can be adhered on 
2446,Tools_and_Home_Improvement,"Electronics, Electronics, Tools_and_Home_Improvement, Electronics, Electronics",0.2,8/3 NM-B x 80' Non-Metallic Electrical Cable 8/3 NM-B x 80' Non-Metallic Electrical Cable. Your order will be cut from a
2477,Musical_Instruments,"Toys_and_Games, Musical_Instruments, Toys_and_Games, Toys_and_Games, Toys_and_Games",0.2,"Taylor Guitars TS-BT, Taylor Swift Baby Taylor, 3/4 Size Dreadnought, Solid Sitka Spruce Top, Saplele Back/Sides, Natura"
2478,Toys_and_Games,"Office_Products, Office_Products, Office_Products, Office_Products, Office_Products",0.0,"MUDOR Stamp Collecting Album, 2 Rows Pockets Stamp Book for Collectors, 10 Sheets Stamp Stockbook, Black Row) Stamp Albu"
2500,Toys_and_Games,"Toys_and_Games, Office_Products, Toys_and_Games, Office_Products, Appliances",0.4,"Waving Flag Party Plates, 9, 10 Ct. Having a feast for a Canada National holiday celebration? we've got the perfect tabl"
2529,Toys_and_Games,"Toys_and_Games, Electronics, Electronics, Electronics, Electronics",0.2,Freewell Long Exposure Photography- 4K Series - 4Pack Filters Compatible with Mavic Air 2 Drone Unmatched Optics Each of
2535,Electronics,"Musical_Instruments, Tools_and_Home_Improvement, Electronics, Tools_and_Home_Improvement, Toys_and_Games",0.2,"LRONG Telescopic Brush, Keyboard Brush, Lens Soft Brush, Computer Camera Cleaning Supplies, MJ115 Black, Camera Lens Cle"
2544,Electronics,"Cell_Phones_and_Accessories, Cell_Phones_and_Accessories, Cell_Phones_and_Accessories, Cell_Phones_and_Accessories, Cell_Phones_and_Accessories",0.0,Skinomi Screen Protector Compatible with Barnes & Noble Nook Color Clear TechSkin TPU Anti-Bubble HD Film The NOOK Color
2546,Musical_Instruments,"Musical_Instruments, Electronics, Electronics, Electronics, Musical_Instruments",0.4,CELESTION 12 Replacement Woofer for Mackie The Celestion is the best performing drop-in replacement 12 inch woofer for t
2561,Electronics,"Electronics, Tools_and_Home_Improvement, Electronics, Cell_Phones_and_Accessories, Cell_Phones_and_Accessories",0.4,Skinit Decal Gaming Skin for PS4 Pro/Slim Controller - Officially Licensed NHL New York Rangers Distressed Design The Ne
2587,Automotive,"Tools_and_Home_Improvement, Tools_and_Home_Improvement, Tools_and_Home_Improvement, Tools_and_Home_Improvement, Tools_and_Home_Improvement",0.0,"Air Capital 3X Rivet Gun, Model Number 14232 The Air Capital 3X Rivet Gun is an economical rivet gun kit for working wit"
2603,Electronics,"Electronics, Office_Products, Electronics, Office_Products, Office_Products",0.4,"Canboc Carrying Case for HP Sprocket Portable 2x3 Instant Photo Printer, KODAK Step Wireless Mobile Photo Printer, Lifep"
2613,Cell_Phones_and_Accessories,"Cell_Phones_and_Accessories, Electronics, Electronics, Tools_and_Home_Improvement, Electronics",0.2,"USB C Charger, 100W USB-C Power Adapter, Super Fast Charger for Samsung, GaN III Compact & Foldable Versatile Charger, 3"
2643,Electronics,"Tools_and_Home_Improvement, Electronics, Electronics, Musical_Instruments, Tools_and_Home_Improvement",0.4,Wellmaking 80W Portable LED Light Continuous Light 5600K CRI 98 COB Spotlight Video Light Dimmable Lightweight Noiseless
2656,Electronics,"Musical_Instruments, Electronics, Musical_Instruments, Electronics, Musical_Instruments",0.4,"SpeechWare FlexyMike SE Overview The FlexyMike Single Ear - SE is an ultra-lightweight titanium alloy (about 5 g./0,2 oz"
2670,Electronics,"Tools_and_Home_Improvement, Tools_and_Home_Improvement, Tools_and_Home_Improvement, Tools_and_Home_Improvement, Automotive",0.0,"Digital Light Meter, Portable High Accuracy Digital Luxmeter Lux Testing Illuminometer LCD Display Light Meter Specifica"
2709,Automotive,"Automotive, Tools_and_Home_Improvement, Tools_and_Home_Improvement, Automotive, Tools_and_Home_Improvement",0.4,United Pacific 40798 International Prostar Exterior Door Handle - Driver Exterior Door Handle For International Prostar 
2733,Office_Products,"Musical_Instruments, Cell_Phones_and_Accessories, Tools_and_Home_Improvement, Automotive, Tools_and_Home_Improvement",0.0,XoYoZo Door Stoppers Wall Protector Buffer Guard Doorknob Door Handle Bumper Self Adhesive Silencer Soft Rubber Crash Pa
2742,Automotive,"Tools_and_Home_Improvement, Automotive, Automotive, Office_Products, Office_Products",0.4,Racatac 01RAC3 Kneeling Sitting Creeper OEM Replacement Parts / Equipment Strong aluminum frame weighs only 8-1/2 lbs. a
2750,Automotive,"Automotive, Tools_and_Home_Improvement, Automotive, Tools_and_Home_Improvement, Tools_and_Home_Improvement",0.4,Front AC Heater Blower Motor Compatible with 16-17 ILK / 15-18 RDX - 13-17 Accord / 12-16 CR-V replaces 700260 PM4051 PM
2771,Appliances,"Automotive, Appliances, Automotive, Automotive, Automotive",0.2,WGL Top Load Dryer Drum Bearing Kit Inner Shaft Replacement for Fisher Paykel 479332 Fitment Fit for Fisher Paykel Speci
2777,Office_Products,"Office_Products, Electronics, Cell_Phones_and_Accessories, Cell_Phones_and_Accessories, Office_Products",0.4,Polycom VVX 400 Series Business Media Phone POE (Power Supply Included) The Polycom VVX 400 is an expandable color busin
2792,Office_Products,"Tools_and_Home_Improvement, Office_Products, Tools_and_Home_Improvement, Tools_and_Home_Improvement, Office_Products",0.4,"TRINITY Dual-Sided Mobile, Black Rolling Bin Rack 19.75 x 35.50 x 48.50 inches TRINITY's mobile bin rack is versatile an"
2798,Toys_and_Games,"Tools_and_Home_Improvement, Tools_and_Home_Improvement, Tools_and_Home_Improvement, Tools_and_Home_Improvement, Tools_and_Home_Improvement",0.0,"Cousin Craft & Jewelry Flush Cutter, 5 Inch This Flush Cutter is perfect for cutting most wires and findings. It creates"
2822,Toys_and_Games,"Toys_and_Games, Cell_Phones_and_Accessories, Office_Products, Toys_and_Games, Office_Products",0.4,"Playmobil Large Hospital The medical team is ready to handle any emergency at the Large Hospital. Upon arrival, check in"
2837,Tools_and_Home_Improvement,"Tools_and_Home_Improvement, Tools_and_Home_Improvement, Electronics, Electronics, Office_Products",0.4,"Detex Grey Surface Mounted Exit Alarm Piezo Horn Detex Battery Powered Door or Wall Mount Exit Alarm, 2.10 W x 2.375 D x"
2839,Electronics,"Electronics, Musical_Instruments, Automotive, Cell_Phones_and_Accessories, Tools_and_Home_Improvement",0.2,Power Acoustik Capacitor Hinged case w/window 30 farad Hybrid super digit Blue voltage display 8 LEDs inside viewing win
2848,Tools_and_Home_Improvement,"Office_Products, Office_Products, Office_Products, Office_Products, Tools_and_Home_Improvement",0.2,"Festool 204869 Roll Board, Colour, Size The cart with intelligent added extras All four large wheels can be rotated by 3"
2849,Electronics,"Electronics, Tools_and_Home_Improvement, Electronics, Automotive, Tools_and_Home_Improvement",0.4,"Adams Rite PS-SE Baked Enamel Finish Power Supply, 115 VAC, 0.7A, 10 Width x 10-3/8 Height x 4-1/8 Depth, Black, for SVR"
2856,Tools_and_Home_Improvement,"Tools_and_Home_Improvement, Office_Products, Office_Products, Office_Products, Office_Products",0.2,"Generic Zero Shipping Cost • Old World MailboxFramed Fleur de Lis Imperial Mailbox (Size is Standard, Color is Black) Bo"
2858,Office_Products,"Tools_and_Home_Improvement, Tools_and_Home_Improvement, Tools_and_Home_Improvement, Office_Products, Tools_and_Home_Improvement",0.2,"STINGER 3/8 StaplePac Cap Staples - A-11 Crown Staples 20ga (2016 ct), for use with CH38-2 and CH38A Cap Staplers Plasti"
2876,Automotive,"Tools_and_Home_Improvement, Automotive, Tools_and_Home_Improvement, Tools_and_Home_Improvement, Tools_and_Home_Improvement",0.2,"Aeromotive 12306 Filter, In-Line, Fabric Element Aeromotive Inc. is a true high performance aftermarket manufacturer spe"
2885,Appliances,"Tools_and_Home_Improvement, Tools_and_Home_Improvement, Tools_and_Home_Improvement, Tools_and_Home_Improvement, Tools_and_Home_Improvement",0.0,"Franke USA Franke CP-50C Compact Small Sink Drain Basket, Chrome Product Description Custom designed to fit securely ins"
2917,Electronics,"Electronics, Cell_Phones_and_Accessories, Cell_Phones_and_Accessories, Cell_Phones_and_Accessories, Electronics",0.4,"Griffin Elan Passport Case for iPad - 1 Pack - Retail Packaging - Black Slim, one-piece folio Opens like a book, flips c"
2930,Automotive,"Automotive, Cell_Phones_and_Accessories, Electronics, Office_Products, Electronics",0.2,Autel MS906 One Year Total Care Program Card features and benefits total care program card for Ms906 one year of softwar
2933,Office_Products,"Office_Products, Office_Products, Tools_and_Home_Improvement, Tools_and_Home_Improvement, Tools_and_Home_Improvement",0.4,Custom Logo Double Round Border Stamp - 3 Lines of Text - Self-Inking Stamper - Rubber Personalized Stamp - Stamps for L
2935,Cell_Phones_and_Accessories,"Cell_Phones_and_Accessories, Cell_Phones_and_Accessories, Electronics, Electronics, Tools_and_Home_Improvement",0.4,"Budi 65W PD3.0 USB C GaN Foldable Plug Adapter USB Ultra-Thin Portable Wall-Mounted Travel Power Fast Charger,Adapter fo"
2955,Electronics,"Electronics, Cell_Phones_and_Accessories, Cell_Phones_and_Accessories, Cell_Phones_and_Accessories, Cell_Phones_and_Accessories",0.2,Mr.Shield Designed For Apple Ipad Air/Air 2 Generation (Hd) Anti-glare Screen Protector 5-pack with Lifetime Replacement
2961,Automotive,"Automotive, Electronics, Electronics, Electronics, Electronics",0.2,Viper 5906V Color Remote Start & Security 5906V Control the vehicle from up to 1 mile away using 900 MHz Spread Spectrum
2983,Tools_and_Home_Improvement,"Automotive, Automotive, Automotive, Tools_and_Home_Improvement, Automotive",0.2,Hobart 770503 Medium Duty Oxygen Regulator and Gauges All gauges feature dual (PSI/kPa) scales Package Weight 2.9 pounds
2992,Office_Products,"Electronics, Electronics, Electronics, Electronics, Office_Products",0.2,"KENUCO 2U Rackmount Space Spacer Blank Rack Mount Filler Panel for IT Racks and Cabinets, Solid Black, 19 2U 19 rack spa"
2995,Toys_and_Games,"Toys_and_Games, Toys_and_Games, Electronics, Electronics, Electronics",0.4,"Team Blacksheep Crossfire Transmitter Features long range, adaptive and robust remote control system for your aircraft i"
3001,Musical_Instruments,"Musical_Instruments, Electronics, Cell_Phones_and_Accessories, Musical_Instruments, Cell_Phones_and_Accessories",0.4,Buckle-Down Guitar Strap - BATMAN Poses/Bat Signal CLOSE-UP Black/Grays/Blues - 2 Wide - 29-54 Length When you hit the s
3006,Toys_and_Games,"Electronics, Cell_Phones_and_Accessories, Toys_and_Games, Tools_and_Home_Improvement, Automotive",0.2,"Spektrum 22.2V 6S 30C Smart LiPo G2 IC3, Overview Drivers and pilots enjoy even more Smart advantages when using Spektru"
3015,Tools_and_Home_Improvement,"Automotive, Automotive, Toys_and_Games, Tools_and_Home_Improvement, Tools_and_Home_Improvement",0.4,RAPIDAIR FASTPIPE F2005 1 Tee Fitting Fast Pipe compression-style fitting is designed for fast installation in half the 
3026,Office_Products,"Office_Products, Automotive, Automotive, Office_Products, Tools_and_Home_Improvement",0.4,"Fellowes Saturn 3i 95 Thermal Laminator Machine for Home or Office with Pouch Starter Kit, 9.5 inch, Fast Warm-Up, Jam-F"
3089,Cell_Phones_and_Accessories,"Electronics, Cell_Phones_and_Accessories, Electronics, Electronics, Cell_Phones_and_Accessories",0.4,"Apple iPhone 13 Mini, 256GB, Red - Unlocked (Renewed) iPhone 13 mini - The most advanced dual-camera system ever on iPho"
3093,Electronics,"Electronics, Office_Products, Office_Products, Electronics, Automotive",0.4,"The Perfect Dust Cover, Black Nylon Short Cover for HP DesignJet T830 36'' Multifunction Printer, Anti Static and Waterp"
3099,Tools_and_Home_Improvement,"Automotive, Electronics, Electronics, Electronics, Electronics",0.0,Pukido original power board LED 75 power board - (Plug Type Universal) Description warranty 60 days from bid Package inc
3123,Tools_and_Home_Improvement,"Tools_and_Home_Improvement, Electronics, Tools_and_Home_Improvement, Automotive, Electronics",0.4,HSLWYJ Fully Auto-Range Dual Mode Voltage Detection Intelligent True RMS Multimeter Voltage Detect Indicator LCD Screen 
3131,Cell_Phones_and_Accessories,"Electronics, Electronics, Cell_Phones_and_Accessories, Toys_and_Games, Electronics",0.2,"ONE X2 360 Degree Waterproof Action Camera Bundle with Invisible Selfie Stick, Carrying Case, and Tempered Glass Screen "
3135,Toys_and_Games,"Toys_and_Games, Office_Products, Office_Products, Electronics, Toys_and_Games",0.4,Scrabble Deluxe (EA) Celebrate 60 years of winning words! This SCRABBLE game offers special features designed with one i
3151,Tools_and_Home_Improvement,"Electronics, Tools_and_Home_Improvement, Musical_Instruments, Electronics, Tools_and_Home_Improvement",0.4,Jokari T71000 4-70 Cable Knife System Set - Multi-Colour Cable Knife System - Brackets can be changed for different cabl
3162,Automotive,"Tools_and_Home_Improvement, Tools_and_Home_Improvement, Tools_and_Home_Improvement, Tools_and_Home_Improvement, Automotive",0.2,Honeywell L8148A AQUASTAT Relay 6 inch - Model Number L8148A -- L8148A AQUASTAT RELAY 6 inch Warning This product can ex
3173,Tools_and_Home_Improvement,"Automotive, Tools_and_Home_Improvement, Automotive, Tools_and_Home_Improvement, Electronics",0.4,Wall Decal Half Mandala Ornament Geometric Indian Moroccan Pattern Namaste Yoga Vinyl Sticker Decals Bedroom Boho Bohemi
3178,Office_Products,"Office_Products, Tools_and_Home_Improvement, Tools_and_Home_Improvement, Office_Products, Tools_and_Home_Improvement",0.4,"Bankers Box LIBERTY Heavy-Duty Storage Boxes, FastFold, String and Button, Letter, Case of 12 Maximum security box with "
3184,Office_Products,"Electronics, Office_Products, Electronics, Electronics, Musical_Instruments",0.2,Algo 8373 Zone SIP to Analog IP Paging Adapter The Algo 8373 is a PoE IP Zone Paging Adapter for integrating legacy voic
3195,Tools_and_Home_Improvement,"Tools_and_Home_Improvement, Electronics, Automotive, Tools_and_Home_Improvement, Automotive",0.4,Arborwear Men's 820450 Tech Single Thick (Class 3) Pullover Sweatshirt Stay safe and comfortable on the job with a Class
3209,Electronics,"Automotive, Electronics, Automotive, Automotive, Electronics",0.4,"AIMS Power 1250 Watt / 2500 Watt Peak DC to AC Power Inverter, Economical This is AIMS Power no frills simple use 1250W "
3219,Tools_and_Home_Improvement,"Appliances, Tools_and_Home_Improvement, Automotive, Appliances, Automotive",0.2,"Goodman 20 kW 240 V 1 Phase Electric Heat Kit w/Circuit Breaker Goodman, Electric Heat Kit, Air Handlers, Heating (kW) 2"
3257,Musical_Instruments,"Tools_and_Home_Improvement, Toys_and_Games, Automotive, Office_Products, Office_Products",0.0,"PPGE Soundproof Rug for Piano, Upright Piano Carpet Protector Sound Dampening Non-Slip Carpet Acoustic Pads Sound Proof "
3270,Tools_and_Home_Improvement,"Automotive, Tools_and_Home_Improvement, Automotive, Automotive, Automotive",0.2,Harley-Davidson Bar & Shield Pull Chain Harley-Davidson Bar & Shield Pull Chain Add a personal touch to your ceiling fan
3275,Electronics,"Electronics, Tools_and_Home_Improvement, Tools_and_Home_Improvement, Tools_and_Home_Improvement, Tools_and_Home_Improvement",0.2,"LimoStudio 700W Photo Video Studio Soft Box Lighting Kit, 20 x 28 Inch Dimension Softbox Light Reflector with 85W CFL Bu"
3319,Office_Products,"Tools_and_Home_Improvement, Toys_and_Games, Office_Products, Toys_and_Games, Tools_and_Home_Improvement",0.2,"TREND enterprises, Inc. Shining Stars Classic Accents, 36 ct Handy, versatile accents spark creativity! Playful accents "
3347,Tools_and_Home_Improvement,"Automotive, Automotive, Automotive, Tools_and_Home_Improvement, Tools_and_Home_Improvement",0.4,"KwikSafety (Charlotte, NC) Armadillo Hard Hat (8 Cooling Vents) Type 1 Class C ANSI OSHA Hard Hats Comfortable 6 Point S"
3358,Electronics,"Automotive, Automotive, Automotive, Automotive, Automotive",0.0,Universal Power Group 35AH 12Volt Deep-Cycle Sealed Lead Acid Rechargeable Battery 35Amp Hour 12V - 2 Pack D5722 12V 35A
3370,Musical_Instruments,"Electronics, Musical_Instruments, Musical_Instruments, Electronics, Electronics",0.4,WORLDS BEST CABLES 12 Foot - Canare 4S11 – Audiophile Grade - HiFi Star-Quad Speaker Cable Pair with Eminence Gold Banan
3374,Toys_and_Games,"Office_Products, Automotive, Electronics, Toys_and_Games, Cell_Phones_and_Accessories",0.2,"Zipfolio 360 – Xenoskin Mini American Black High quality Portfolio with flexible and durable cover, innovative XenoSkin "
3398,Electronics,"Cell_Phones_and_Accessories, Cell_Phones_and_Accessories, Electronics, Electronics, Cell_Phones_and_Accessories",0.4,Lopnord Replacement Charging Case Compatible with Beats Powerbeats Pro with Bluetooth Pairing Sync Button (Not Include P
3455,Electronics,"Electronics, Automotive, Tools_and_Home_Improvement, Tools_and_Home_Improvement, Electronics",0.4,Trojan Viqua 602805 UVC Uvmax C4 Uv Genuine OEM lamp This listing is now for the Genuine Viqua replacement UV lamp. Genu
3467,Automotive,"Tools_and_Home_Improvement, Tools_and_Home_Improvement, Tools_and_Home_Improvement, Tools_and_Home_Improvement, Tools_and_Home_Improvement",0.0,"SOLARXIA 2PCS Suction Cup Dent Puller Handle Lifter Car Dent Puller Remover for Car Dent Repair, Glass,TV Screen, Mirror"
3475,Tools_and_Home_Improvement,"Tools_and_Home_Improvement, Electronics, Automotive, Electronics, Electronics",0.2,Brooks Saddles D-Shaped Tool Bag The D-Shaped Bag was featured in Brooks Catalogues as far back as 1910. This innovative
3504,Office_Products,"Tools_and_Home_Improvement, Tools_and_Home_Improvement, Tools_and_Home_Improvement, Tools_and_Home_Improvement, Tools_and_Home_Improvement",0.0,Swordfish 'Pointi' 8mm Desktop Manual Pencil Sharpener Ref 40235 The Swordfish Pointi - Mechanical Pencil Sharpener for 
3534,Electronics,"Toys_and_Games, Toys_and_Games, Toys_and_Games, Toys_and_Games, Toys_and_Games",0.0,Spirit Halloween The Widow Animatronic | Halloween Décor | Horror Décor | 5.8 Feet | IR Sensor Activated | Moving Prop R
3544,Automotive,"Automotive, Tools_and_Home_Improvement, Tools_and_Home_Improvement, Tools_and_Home_Improvement, Tools_and_Home_Improvement",0.2,Milwaukee Leather Women's Black Lace-Up Boots with Side Zipper Entry - 7.5 Milwaukee Leather Women’s Black Lace-Up Boots
3551,Tools_and_Home_Improvement,"Cell_Phones_and_Accessories, Electronics, Cell_Phones_and_Accessories, Electronics, Cell_Phones_and_Accessories",0.0,"TEKLECTRIC 4.0A High Speed USB A/USB C Receptacle 20A Tamper Resistant Receptacle ETL Approved & Free Wall Plate, White "
3584,Tools_and_Home_Improvement,"Automotive, Tools_and_Home_Improvement, Automotive, Tools_and_Home_Improvement, Automotive",0.4,Guardian 2000 Ultra-Jack Product Description Ultra-Jack From the Manufacturer The Qual-craft Ultra Jack mechanism uses a
3592,Electronics,"Office_Products, Office_Products, Office_Products, Electronics, Office_Products",0.2,AutoExec AutoExec RoadMaster Car Desk Birch Finish with Printer Stand AutoExec has created a way to make mobile working 
3619,Toys_and_Games,"Toys_and_Games, Electronics, Cell_Phones_and_Accessories, Cell_Phones_and_Accessories, Toys_and_Games",0.4,"Spider Web Shooters That Actually Real Rope Launcher,Spider Web Gadgets Toy Cool Gadgets for Kids （Gloves not Included）("
3628,Toys_and_Games,"Tools_and_Home_Improvement, Tools_and_Home_Improvement, Electronics, Electronics, Tools_and_Home_Improvement",0.0,Gowe Metal Alloy 6 DOF Robot Arm Clamp Claw & Swivel Stand Mount Kit for Arduino Metal Alloy 6 DOF Robot Arm Clamp Claw 
3643,Tools_and_Home_Improvement,"Office_Products, Office_Products, Office_Products, Office_Products, Office_Products",0.0,"Really Good Stuff Fuzzy Feet Chair Glides, Noise Reducer for Classroom Chairs & Desks, Gliders Prevent Floor Scuffs & Sc"
3650,Electronics,"Cell_Phones_and_Accessories, Cell_Phones_and_Accessories, Cell_Phones_and_Accessories, Cell_Phones_and_Accessories, Cell_Phones_and_Accessories",0.0,TUFF LUV Silicone Twin Dual Layer Double Protective Skin Case for Garmin Edge Plus - Black/Red A double layer of protect
3660,Office_Products,"Tools_and_Home_Improvement, Office_Products, Electronics, Toys_and_Games, Tools_and_Home_Improvement",0.2,Artisan Power Replacement Battery for Zebra ZQ630 - Zebra Printer Battery and Enhance the performance of your Zebra prin
3699,Office_Products,"Office_Products, Tools_and_Home_Improvement, Tools_and_Home_Improvement, Tools_and_Home_Improvement, Tools_and_Home_Improvement",0.2,"Orange Agate 3 x 3 x 12 About Us Founded in Boston in 1928, Woodcraft's operations were moved to Parkersburg, West Virgi"
3701,Electronics,"Cell_Phones_and_Accessories, Cell_Phones_and_Accessories, Electronics, Cell_Phones_and_Accessories, Electronics",0.4,"MITER Case for iFi Go Blu DAC, Handmade Italy Pueblo Leather Case Cover with Necklace Cord for GoBlu (Green) Handmade MI"
3711,Electronics,"Cell_Phones_and_Accessories, Cell_Phones_and_Accessories, Electronics, Electronics, Automotive",0.4,"Silicon Power 1TB Armor A85 Silver USB3.0 Rugged Portable Hard Drive As a military grade device, 1TB Silicon Power Armor"
3739,Electronics,"Automotive, Automotive, Automotive, Automotive, Automotive",0.0,Map with Flag Inside Greece 3x3.6 inches Sticker Decal die Cut Vinyl - Made and Shipped in USA SSC inc. Made in U.S.A. H
3760,Automotive,"Tools_and_Home_Improvement, Tools_and_Home_Improvement, Tools_and_Home_Improvement, Automotive, Automotive",0.4,"US Cargo Control 4 Inch Roll Off Container Winch Strap, Flat Hook, Sewn Loop Ends, 5 Feet Long, Durable Trailer Winch St"
3762,Automotive,"Electronics, Tools_and_Home_Improvement, Electronics, Electronics, Tools_and_Home_Improvement",0.0,Husqvarna Husqvarna QC330 Replacement Battery Charger The charger is designed to charge any Husqvarna 100 Series battery
3814,Automotive,"Electronics, Electronics, Tools_and_Home_Improvement, Musical_Instruments, Electronics",0.0,Audiovox LED Monitor Audiovox LED Monitor 10.1 DIGITAL LED MONITOR Model Number Item Package Dimension 15.5 L x 8.5 W x 
3816,Tools_and_Home_Improvement,"Office_Products, Electronics, Electronics, Office_Products, Office_Products",0.0,"Fireproof Waterproof Money Document Bag - 2+3 Pack Safe Upgraded Zipper Bags, Fire & Water Resistant Storage Organizer P"
3825,Musical_Instruments,"Musical_Instruments, Electronics, Electronics, Office_Products, Musical_Instruments",0.4,"GLARRY 88-Key Home Full Weighted Hammer Heavy Action Digital Piano for All Experience Levels, Electric Keyboards Piano w"
3833,Electronics,"Office_Products, Office_Products, Electronics, Tools_and_Home_Improvement, Office_Products",0.2,"Mxtallup 2 pack 12x12 Diamond Painting Frames Picture,Display Pictures 10x10 Inch With Mat or 12x12 Inch Without Mat, Pi"
3837,Electronics,"Electronics, Musical_Instruments, Musical_Instruments, Musical_Instruments, Musical_Instruments",0.2,"Radial Engineering Studio Q Talkback With more and more recording happening in smaller studios, the need for a simple ta"
3847,Automotive,"Tools_and_Home_Improvement, Tools_and_Home_Improvement, Automotive, Tools_and_Home_Improvement, Tools_and_Home_Improvement",0.2,"Engine Oil Pump Oil Pump, Wet Sump, Internal, Standard Volume, 1-1/8 in Inlet, Mopar Gen III Hemi, Each Made In U.S.A. S"
3857,Toys_and_Games,"Electronics, Electronics, Electronics, Electronics, Electronics",0.0,"Mamba XLX2 Extreme 1/6, 1/7, 1/5th Scale ESC Engineered from the ground up, the Mamba XLX2 ESC is packed with a potent c"
3862,Tools_and_Home_Improvement,"Appliances, Musical_Instruments, Musical_Instruments, Electronics, Tools_and_Home_Improvement",0.2,Amprobe HD110C IP67 Heavy Duty Multimeter Black Product Description Amprobe products range from an extensive line of cla
3863,Electronics,"Electronics, Automotive, Automotive, Automotive, Electronics",0.4,ATD Tools 5954 1500W Power Inverter Maximum continuous power 1500 Watt. Peak load power rate up to 3000 Watt. For use wi
3876,Tools_and_Home_Improvement,"Automotive, Automotive, Automotive, Automotive, Tools_and_Home_Improvement",0.2,"Magnet Paint & Shellac S8-01 Multi-Temp 1 gal Chassis Saver is a high solids, VOC compliant, single component chassis pa"
3887,Automotive,"Automotive, Automotive, Tools_and_Home_Improvement, Tools_and_Home_Improvement, Tools_and_Home_Improvement",0.4,"Wix Filters - 46748 Heavy Duty Air Filter, Pack of 1 Since 1939, WIX Filters has been an innovator in filtration product"
3907,Office_Products,"Tools_and_Home_Improvement, Tools_and_Home_Improvement, Tools_and_Home_Improvement, Toys_and_Games, Tools_and_Home_Improvement",0.0,Rotatrim Pro M Series 18 Paper Cutter/Rotary Trimmer This is a very popular size of the Professional M Series range 
3926,Toys_and_Games,"Toys_and_Games, Automotive, Toys_and_Games, Automotive, Automotive",0.4,"Redcat Racing Volcano EPX Electric Truck, Blue/Silver, 1/10 Scale Are you ready for an adrenaline explosion? Fast and po"
3934,Office_Products,"Tools_and_Home_Improvement, Tools_and_Home_Improvement, Tools_and_Home_Improvement, Tools_and_Home_Improvement, Tools_and_Home_Improvement",0.0,"LED Boba Tea Open Sign for Business Displays | Square Electronic Light Up Sign for Restaurants, Cafés, Diners | 26 H x 2"
3937,Electronics,"Office_Products, Office_Products, Office_Products, Office_Products, Office_Products",0.0,Lorell Electronic Desk Riser Black Electric adjustable Height desk riser. Converts any desk into a sit-to-stand work sta
3975,Tools_and_Home_Improvement,"Musical_Instruments, Tools_and_Home_Improvement, Office_Products, Automotive, Tools_and_Home_Improvement",0.4,"Dap 53005 Plaster of Paris Box Molding Material, White DAP-Plaster of Paris. Great for plaster repairs; hobby molds; and"
3984,Automotive,"Automotive, Tools_and_Home_Improvement, Tools_and_Home_Improvement, Automotive, Tools_and_Home_Improvement",0.4,Bonvoisin 15T Hydraulic Gear Puller Set Wheel Bearing Puller Kit 2 or 3 Jaws Pulling Separator for Wheel Hubs Rotors Car
3996,Tools_and_Home_Improvement,"Office_Products, Office_Products, Office_Products, Office_Products, Office_Products",0.0,"ABUS 07020 Chrome File Bar, 2 Drawer, Grey Product Description Our File Bars are the best solution to secure multi-drawe"
4005,Toys_and_Games,"Tools_and_Home_Improvement, Tools_and_Home_Improvement, Tools_and_Home_Improvement, Tools_and_Home_Improvement, Tools_and_Home_Improvement",0.0,"Hampton Nautical Solid Brass Seashell Keyring, 5, Brass From the Manufacturer This nautical-themed key chain is both ado"
4009,Toys_and_Games,"Office_Products, Tools_and_Home_Improvement, Toys_and_Games, Tools_and_Home_Improvement, Office_Products",0.2,"Active Aqua Flood Table for Tents 22 x 45 This Active Aqua Flood Table is sized for use in small tents, where space is t"
4020,Cell_Phones_and_Accessories,"Electronics, Electronics, Cell_Phones_and_Accessories, Electronics, Cell_Phones_and_Accessories",0.4,iBOLT Stream-Cast Stand Adjustable Overhead Phone Mount for Live Streaming Tutorial Videos and Photos. Great for Crafter
4041,Electronics,"Automotive, Automotive, Automotive, Electronics, Electronics",0.4,"LNLN Pure Sine Wave Inverter,Dc to Ac Converter, Power Voltage Transformer,with Battery Cable,Multiple A must-have for y"
4103,Electronics,"Electronics, Automotive, Tools_and_Home_Improvement, Tools_and_Home_Improvement, Tools_and_Home_Improvement",0.2,Fluke Networks Fiber Optic SC and ST Port Cleaning Swabs for 2.5 mm Bulkheads and Tight Spaces FIBER OPTIC CLEANING SWAB
4114,Tools_and_Home_Improvement,"Automotive, Automotive, Automotive, Automotive, Automotive",0.0,RECON TRUCK ACCESSORIES LED Cab Roof Lights Fits Ford F-250 Super Duty Recon Truck Accessories LED Cab Roof Lights Fits 
4135,Office_Products,"Office_Products, Toys_and_Games, Toys_and_Games, Toys_and_Games, Cell_Phones_and_Accessories",0.2,Care Bears Tenderheart Bear Metal Bookmark Page Marker with Oval Charm NO MORE FOLDED CORNERS Lose yourself in a good bo
4167,Tools_and_Home_Improvement,"Tools_and_Home_Improvement, Tools_and_Home_Improvement, Automotive, Automotive, Automotive",0.4,"Can Fan RS12HO High Output Centrifugal Inline Fan, 971 CFM The RS family of inline exhaust fans provide the power and fl"
4176,Tools_and_Home_Improvement,"Tools_and_Home_Improvement, Automotive, Automotive, Tools_and_Home_Improvement, Toys_and_Games",0.4,"National Hardware Stanley 3155BC Ring in Brass, 1 x 3 Product Description Whether for home, farm, builder or industrial "
4198,Electronics,"Electronics, Electronics, Tools_and_Home_Improvement, Tools_and_Home_Improvement, Tools_and_Home_Improvement",0.4,Mcoplus 2.4Ghz Wireless Remote Dimmable Ultra Power Professional Video Led Light Kit for YouTube Studio Comcorder DV cam
4204,Automotive,"Automotive, Electronics, Electronics, Electronics, Automotive",0.4,Metra Electronics Single/Double DIN Installation Kit for Select Buick Regal Vehicles (Black) Metra | buick regal kit - B
4209,Tools_and_Home_Improvement,"Automotive, Automotive, Automotive, Automotive, Automotive",0.0,Door Rubber Strip Small Bulb 9/16 Bulb Diameter x 0.039 -9/64 Grip Range x 35/64 U Height (25 Feet) Door rubber strip sm
4212,Automotive,"Automotive, Electronics, Automotive, Electronics, Electronics",0.4,Rear View Safety Blind Spot Sensor System Our Blind Spot Sensor System mounts sensors on either side of the vehicle to a
4221,Automotive,"Electronics, Automotive, Electronics, Cell_Phones_and_Accessories, Electronics",0.2,Painless Performance 40113 Battery Cable Kit Painless maintains strict quality requirements for all raw material supplie
4224,Tools_and_Home_Improvement,"Automotive, Automotive, Tools_and_Home_Improvement, Office_Products, Automotive",0.2,"(Set of 8) 28 RK Orange Safety Traffic PVC Cones with Black Base Our 28 inch orange traffic safety cones, parking cones "
4236,Electronics,"Cell_Phones_and_Accessories, Cell_Phones_and_Accessories, Cell_Phones_and_Accessories, Cell_Phones_and_Accessories, Cell_Phones_and_Accessories",0.0,"Touch Screen Replacement Digitizer for ipad 9(9th Generation),for 2021 ipad 9th Gen A2602 A2603 A2604 A2605 Glass Relace"
4239,Automotive,"Musical_Instruments, Musical_Instruments, Musical_Instruments, Musical_Instruments, Automotive",0.2,OSP Cases | ATA Road Case | Effects Rack | 12 Deep | Protect your valuable investment with OSP's line of ATA rack cases 
4240,Toys_and_Games,"Electronics, Electronics, Electronics, Electronics, Electronics",0.0,Vlipoeasn 13th Birthday Video Game Backdrop Level 13 Unlocked Official Teenager Backdrop Banner 13th Video Game Birthday
4258,Cell_Phones_and_Accessories,"Cell_Phones_and_Accessories, Office_Products, Electronics, Electronics, Office_Products",0.2,"BoxWave Stylus Pen Compatible with Dell Inspiron 13 5000 (5379) - AccuPoint Active Stylus, Electronic Stylus with Ultra "
4286,Office_Products,"Cell_Phones_and_Accessories, Toys_and_Games, Electronics, Musical_Instruments, Toys_and_Games",0.0,G-Ahora Gravity Falls Lanyard Keychain ID Bage Holder G-Ahora ☀Use - Use this rope to hang important things around your 
4311,Tools_and_Home_Improvement,"Automotive, Automotive, Appliances, Automotive, Tools_and_Home_Improvement",0.2,Hitachi 885443 Replacement Part for Pumping Unit Hitachi 885443 Pumping Unit Hitachi 885443 Pumping Unit This pump is a 
4336,Tools_and_Home_Improvement,"Tools_and_Home_Improvement, Automotive, Automotive, Automotive, Automotive",0.2,Eiko 1156LL 12.8V 2.1A S-8 SC Bayonet Base 2400 h Halogen Bulbs Eiko's line of original equipment headlamps were designe
4343,Office_Products,"Office_Products, Electronics, Cell_Phones_and_Accessories, Cell_Phones_and_Accessories, Office_Products",0.4,vormor Language Translator Device Real Time Translator Device 106 Languages Translator Two-Way Voice & Offline & Photo T
4367,Tools_and_Home_Improvement,"Tools_and_Home_Improvement, Automotive, Tools_and_Home_Improvement, Automotive, Automotive",0.4,10 w X 10 h 4Way Aluminum Curved Blade Adjustable Air Supply HVAC Diffuser - Vent Duct Cover Outer Dimensions 11.65 w X 
4369,Automotive,"Automotive, Automotive, Electronics, Tools_and_Home_Improvement, Tools_and_Home_Improvement",0.4,Milwaukee Leather Men's ‘Crossover’ Black Leather Lightweight MC Jacket Milwaukee Leather Men's ‘Crossover’ Black Leathe
4376,Automotive,"Automotive, Automotive, Tools_and_Home_Improvement, Tools_and_Home_Improvement, Tools_and_Home_Improvement",0.4,Lippert 209372 Better Bath RV Bath Tub 24 x 36 Left Hand Drain Parchment Give your interior the upgrade it deserves with
4392,Electronics,"Tools_and_Home_Improvement, Electronics, Tools_and_Home_Improvement, Tools_and_Home_Improvement, Electronics",0.4,"Siglent Programmable DC Power Supply 1 V / 5 A,150W Programmable Linear DC Power Supply has a 2. 8 inch TFT-LCD display,"
4414,Tools_and_Home_Improvement,"Automotive, Automotive, Office_Products, Tools_and_Home_Improvement, Electronics",0.2,Jeanerlor - Canvas Work Apron with Pockets Cross Back Straps Design Up to XXXL Cotton Imported Buckle closure ✔ EXCELLEN
4421,Tools_and_Home_Improvement,"Tools_and_Home_Improvement, Tools_and_Home_Improvement, Appliances, Automotive, Appliances",0.4,"Nutone Grill Assembly for 750, 751, and N750 Ventilation Fan/ Light Combos Product Description Genuine NuTone Broan gril"
4430,Automotive,"Tools_and_Home_Improvement, Tools_and_Home_Improvement, Musical_Instruments, Tools_and_Home_Improvement, Tools_and_Home_Improvement",0.0,On The Go Spotless Portable Dual Bed Deionizer Use the Dual Bed Standard Deionizer for all spotfree applications. No mor
4480,Musical_Instruments,"Musical_Instruments, Electronics, Musical_Instruments, Cell_Phones_and_Accessories, Automotive",0.4,Walker & Williams LCT-21 Handmade And Tooled Black And Tan Super Premium Leather Guitar Strap with Native Feather & Eagl
4491,Automotive,"Tools_and_Home_Improvement, Tools_and_Home_Improvement, Tools_and_Home_Improvement, Tools_and_Home_Improvement, Tools_and_Home_Improvement",0.0,ICON 00476 Sit-in Step Tub with Right Hand Drain - Polar White Icon TU500 Sit-In Step Tubs feature reinforced bottoms an
4507,Toys_and_Games,"Toys_and_Games, Tools_and_Home_Improvement, Automotive, Automotive, Automotive",0.2,Children's Factory Myrider Maxi The Innovative VarioSeat allows for children of various sizes and ages to ride comfortab
4508,Tools_and_Home_Improvement,"Tools_and_Home_Improvement, Tools_and_Home_Improvement, Automotive, Automotive, Automotive",0.4,Portable NH3 Gas Detector Handheld Ammonia Meter Tester Monitor with Alarm Range 0-500 PPM The XAR-A Ammonia (NH3) Gas D
4511,Cell_Phones_and_Accessories,"Office_Products, Cell_Phones_and_Accessories, Office_Products, Cell_Phones_and_Accessories, Office_Products",0.4,"Alcatel Go Flip V 4044V Verizon Flip Phone - Black A internal screen lets you easily access your calendar, text messages"
4522,Office_Products,"Office_Products, Electronics, Tools_and_Home_Improvement, Musical_Instruments, Office_Products",0.4,DFS Reception Desk Shell which fits a 15 Monitor - 60 W by 30 D by 44 H Black- and White Front Modern reception desk 30 
4573,Cell_Phones_and_Accessories,"Electronics, Cell_Phones_and_Accessories, Electronics, Electronics, Electronics",0.2,"LG K92 5G 6GB) 6.7 FHD+, Snapdragon 690, 64MP Quad Camera, US 5G / Global 4G LTE AT&T Unlocked (Cricket, Global/NOT for "
4574,Musical_Instruments,"Automotive, Musical_Instruments, Automotive, Musical_Instruments, Toys_and_Games",0.4,"Ibanez, POWERPAD Ukulele Double Gig Bag, Navy Blue Safe, sound and style. There's no reason that a sleek, smartly-design"
4578,Tools_and_Home_Improvement,"Office_Products, Tools_and_Home_Improvement, Office_Products, Tools_and_Home_Improvement, Office_Products",0.4,"Mayne Westbrook Plus Mail Post - Graphite Grey - 40.5in x 8in x 56.5in - Standard Post, Arm Plus & Planter An Entrance w"
4593,Electronics,"Tools_and_Home_Improvement, Tools_and_Home_Improvement, Tools_and_Home_Improvement, Tools_and_Home_Improvement, Tools_and_Home_Improvement",0.0,"Painless Performance 70922 PowerBraid Split Braided Sleeving Kit for Bronco, Black Finish the job right with this comple"
4597,Toys_and_Games,"Electronics, Electronics, Electronics, Electronics, Electronics",0.0,"LiveGo Kids Camera Children HD Digital Video Camera for Toddler, Children Digital Video Camcorder Camera for Girl/boy Ag"
4618,Electronics,"Electronics, Cell_Phones_and_Accessories, Toys_and_Games, Electronics, Cell_Phones_and_Accessories",0.4,FitSand Travel Hard Case for C Crane CC Skywave AM/FM Shortwave Weather Airband Portable Radio Clock Alarm Attnetion Not
4627,Musical_Instruments,"Automotive, Automotive, Musical_Instruments, Musical_Instruments, Automotive",0.4,"Fender Standard Series Precision Bass Body, Alder, Arctic White Genuine Fender Precision Bass guitar alder body routed f"
4646,Tools_and_Home_Improvement,"Automotive, Tools_and_Home_Improvement, Automotive, Automotive, Tools_and_Home_Improvement",0.4,Gardner Flat Roof Coat-N-Seal Liquid Rubber Coating (5 Gallon) Gardner Flat Roof Coat-N-Seal Liquid Rubber Coating is fo
4650,Toys_and_Games,"Tools_and_Home_Improvement, Musical_Instruments, Tools_and_Home_Improvement, Automotive, Automotive",0.0,LED Lighting Kit for Lego Old Fishing Store - 21310 (Lego Set NOT Included) DOES IT FIT? - CUSTOM DESIGN This handmade l
4668,Tools_and_Home_Improvement,"Tools_and_Home_Improvement, Automotive, Office_Products, Automotive, Office_Products",0.2,"Rubbermaid ActionPacker Lockable Storage Box, 48 Gallon, Grey and Black Product Description RUBBERMAID ActionPacker Stor"
4683,Toys_and_Games,"Office_Products, Toys_and_Games, Office_Products, Office_Products, Office_Products",0.2,Set of 4 Reusable $100 Dollar Bill Piggy Bank Coin Saving Money Currency Benjamin Franklin Note Tin Can Banknote Jar (Op
4685,Appliances,"Tools_and_Home_Improvement, Tools_and_Home_Improvement, Tools_and_Home_Improvement, Tools_and_Home_Improvement, Tools_and_Home_Improvement",0.0,100 Feet / 30 Amp Generator Extension Cord 10AWG4 STW Hook and Loop Strap UL Approved 100ft GREAT VALUE Indoor/Outdoor H
4697,Electronics,"Musical_Instruments, Musical_Instruments, Musical_Instruments, Musical_Instruments, Musical_Instruments",0.0,"Rockville RXM-F4 Marine 4 Channel Amplifier 2400w RMS+PA Microphone, white Over the years, the technology used to create"
4702,Automotive,"Tools_and_Home_Improvement, Tools_and_Home_Improvement, Automotive, Tools_and_Home_Improvement, Tools_and_Home_Improvement",0.2,Maradyne MM22KS Mach Two 11 225W Dual Puller Fan with Side Flanges 225 Watt Heavy Duty Motors. Powerful Wide Straight-Bl
4709,Automotive,"Automotive, Tools_and_Home_Improvement, Tools_and_Home_Improvement, Electronics, Tools_and_Home_Improvement",0.2,"Chemical Guys MB-3CD Metro MasterBlaster Industrial Dryer and Blower System - 8 hp Make drying cars, motorcycles and air"
4713,Tools_and_Home_Improvement,"Tools_and_Home_Improvement, Tools_and_Home_Improvement, Automotive, Automotive, Electronics",0.4,California Cordage® 3/8 Inch x 300 ft Reel White w/ 4 Red Tracers Double Braid Polyester Rope (Low Stretch & Multipurpos
4749,Office_Products,"Toys_and_Games, Toys_and_Games, Toys_and_Games, Toys_and_Games, Tools_and_Home_Improvement",0.0,Paw Print Cat Lover Dog Lover Key Fob/Key Chain No more searching through your purse for your keys! Match your bag and y
4755,Electronics,"Office_Products, Office_Products, Office_Products, Office_Products, Toys_and_Games",0.0,"Crescent 33 Smooth Smooth Mat Board, 20 x 32 Inches, White/Cream, Pack of 10 Acid free, medium weight mat board has a su"
4757,Cell_Phones_and_Accessories,"Electronics, Automotive, Electronics, Cell_Phones_and_Accessories, Cell_Phones_and_Accessories",0.4,GENMAX Portable Power Power Bank with AC Outlet for Outdoors Camping Travel Hunting Emergency Use Excellent performance 
4785,Musical_Instruments,"Office_Products, Electronics, Office_Products, Musical_Instruments, Electronics",0.2,"Roland Piano or Keyboard Case Ideal for everyday use, the protects your keyboard in style as you travel around town to p"
4809,Tools_and_Home_Improvement,"Tools_and_Home_Improvement, Automotive, Tools_and_Home_Improvement, Automotive, Automotive",0.4,JessEm 02312 Rout-R-Lift II Router Lift for Hitachi Router Motor The Rout-R-Lift II from JessEm brings affordable precis
4822,Cell_Phones_and_Accessories,"Electronics, Electronics, Tools_and_Home_Improvement, Tools_and_Home_Improvement, Toys_and_Games",0.0,"GREEN FUSION for LG Stylo 4 & V40 ThinQ Battery Replacement, with Video Tutorial, BL-T37 Battery for LG Stylo 4 & V40 Th"
4824,Tools_and_Home_Improvement,"Automotive, Tools_and_Home_Improvement, Automotive, Automotive, Automotive",0.2,"Kohler Small Engine Air Filter Fits Husqvarna, Xt-6 And Xt-7 Kohler Engines 5-5/8 X 3-1/2 (2 Pack) Kohler Small Engine A"
4845,Electronics,"Automotive, Automotive, Automotive, Automotive, Automotive",0.0,Happijac - 723915 HAPPIJAC Wireless Remote Controller - 25A and CCS Get back to operating your HappiJac camper jack syst
4849,Tools_and_Home_Improvement,"Automotive, Automotive, Automotive, Automotive, Automotive",0.0,GACEMIU 20 Pack Face Mask Reusable Adjustable Protection Fashion Unisex Washable Reusable Mouth Face Protection from Dus
4871,Automotive,"Tools_and_Home_Improvement, Tools_and_Home_Improvement, Tools_and_Home_Improvement, Tools_and_Home_Improvement, Tools_and_Home_Improvement",0.0,"POP 26A Hand Blind Rivet Tool - Will Set UP to 5/32 in Aluminum, 1/8 in Stainless Steel. Comes with 1/8 NOSEPIECE. POP 2"
4872,Automotive,"Automotive, Electronics, Tools_and_Home_Improvement, Electronics, Electronics",0.2,iCarsoft CR Max Multi-Brand Vehicle Multi-Systems auto VIN/Quick Test/Actuation Test/Android OS/Touch Screen iCarsoft CR
4874,Automotive,"Toys_and_Games, Automotive, Automotive, Tools_and_Home_Improvement, Office_Products",0.4,Furick K2 Manual Tubing Bead Roller MADE IN USA! This is a industrial strength bead roller made to form a bead on the en
4903,Cell_Phones_and_Accessories,"Cell_Phones_and_Accessories, Electronics, Electronics, Toys_and_Games, Cell_Phones_and_Accessories",0.4,"- Power Selfie Stick, for X3 and ONE X2 Remote camera control makes shooting third person shots easier. High-performance"
4923,Automotive,"Tools_and_Home_Improvement, Tools_and_Home_Improvement, Tools_and_Home_Improvement, Automotive, Automotive",0.4,"B&M 45044 Precision Sport Shifter B&M's Precision Sport Shifter offers a dramatic improvement in shifting performance, d"
4944,Electronics,"Office_Products, Office_Products, Office_Products, Office_Products, Office_Products",0.0,"1 Black 047 Toner Cartridge Replacement for Canon ImageCLASS MF113W Series i-SENSYS MF113W Series Printer,Sold by TopInk"
4947,Tools_and_Home_Improvement,"Tools_and_Home_Improvement, Tools_and_Home_Improvement, Electronics, Electronics, Electronics",0.4,Ridgid 5.5 Amp Corded Compact Power Trim Router With Micro Adjust Dial R24012 (Renewed) This pre-owned or refurbished pr
4954,Toys_and_Games,"Toys_and_Games, Electronics, Electronics, Electronics, Electronics",0.2,"Kidz Delight Datamax II, Silver (Discontinued by Manufacturer) Kidz Delight Datamax II, Silver 40 learning activities, g"
5029,Electronics,"Office_Products, Tools_and_Home_Improvement, Automotive, Automotive, Musical_Instruments",0.0,"Umbra Hub Round Wall Mirror with Rubber Frame, Modern Decor for Entryways, Washrooms, Living Rooms and More, Black Somet"
5030,Electronics,"Electronics, Automotive, Tools_and_Home_Improvement, Electronics, Automotive",0.4,LensCoat Nikon 28-300 VR Lens Cover (Realtree Max4 HD) From the Manufacturer LensCoat for the Nikon 28-300 VR LensCoat 2
5037,Toys_and_Games,"Tools_and_Home_Improvement, Automotive, Tools_and_Home_Improvement, Automotive, Automotive",0.0,"Tamiya Acrylic XF25 Flat, Light Sea Gray This is a 23ml Jar of Tamiya color Acrylic Paint (Light Sea Grey). / / FEATURES"
5043,Electronics,"Electronics, Tools_and_Home_Improvement, Electronics, Tools_and_Home_Improvement, Appliances",0.4,"2 Pack Telephone Cord, Phone Cord, Handset Cord, Coil Cord, Curly Cord, Universally Compatible 4P4C Cable (7 Foot, Charc"
5057,Office_Products,"Toys_and_Games, Toys_and_Games, Toys_and_Games, Toys_and_Games, Toys_and_Games",0.0,"Fly Guy 15 Books Complete Series Collection Pack Set, 1-15 Books of Boxed Set Amazing Tricks, Shoo Fly Guy, Prince Fly G"
5086,Toys_and_Games,"Toys_and_Games, Electronics, Toys_and_Games, Musical_Instruments, Electronics",0.4,Lekufee Waterproof Hard Case Compatible with DJI Mini 2 SE/DJI Mini 2 Fly More Combo/DJI Mini SE - Camera Drone/DJI Mavi
5089,Toys_and_Games,"Tools_and_Home_Improvement, Toys_and_Games, Tools_and_Home_Improvement, Tools_and_Home_Improvement, Tools_and_Home_Improvement",0.2,"Drone Strobe Lights, Super Bright Lightweight FAA Drone Anti-Collision Lights for Night Flying, 7 Colors, 32 Modes, 3 Mi"
5109,Electronics,"Automotive, Automotive, Electronics, Automotive, Electronics",0.4,Radar Mount Mirror Mount Bracket + Direct Wire Power Cord + ATO Fuse Tap Beltronics GT-7 Professionally mount your Radar
5115,Automotive,"Automotive, Automotive, Electronics, Electronics, Electronics",0.4,"Sunthysis 600W Pure Sine Wave Inverter 12V DC to AC Power Converter for Home, RV, Truck, Off-Grid Solar Power Inverter w"
5132,Tools_and_Home_Improvement,"Tools_and_Home_Improvement, Automotive, Automotive, Automotive, Automotive",0.2,"Ranger Bluecat Heavy-Duty Men's All-Rubber Insulated Chest Waders, Forest Green Rubber sole Durable, flexible, industria"
5137,Tools_and_Home_Improvement,"Tools_and_Home_Improvement, Automotive, Automotive, Automotive, Tools_and_Home_Improvement",0.4,"Pulsar 15 Gallon Vertical Tank Portable Electric Air Compressor with Accessories & Added Tool Kit, When you want a compr"
5145,Office_Products,"Cell_Phones_and_Accessories, Cell_Phones_and_Accessories, Cell_Phones_and_Accessories, Office_Products, Office_Products",0.4,Avaya 9608G 4 Pack Avaya 9608G IP Phone Global - 4 Pack - Avaya Model 9608G - Product ID - Used in excellent condition. 
5150,Tools_and_Home_Improvement,"Tools_and_Home_Improvement, Automotive, Tools_and_Home_Improvement, Automotive, Automotive",0.4,"Norton Door Controls 7500 Series The 7500 Series is a robust, multi-sized surface closer designed to deliver superior pe"
5156,Electronics,"Electronics, Office_Products, Cell_Phones_and_Accessories, Office_Products, Electronics",0.4,"INNOTALK Wireless Headset for Computer and Compatible with Polycom 650, 670, VVX400 and Any VVX Models(Explorer) COMPATI"
5165,Office_Products,"Musical_Instruments, Toys_and_Games, Tools_and_Home_Improvement, Tools_and_Home_Improvement, Tools_and_Home_Improvement",0.0,Brass Raffle Drum with Wooden Turning Handle for Tabletop Use This brass raffle drum is meant to be used on top of a cou
5173,Tools_and_Home_Improvement,"Electronics, Electronics, Electronics, Tools_and_Home_Improvement, Electronics",0.2,"Best Connections 22 Gauge 2 Conductor 500 Feet Stranded Copper Alarm Wire Black Jacket UL Rated Stranded Copper, 22 Gaug"
5185,Automotive,"Tools_and_Home_Improvement, Tools_and_Home_Improvement, Tools_and_Home_Improvement, Tools_and_Home_Improvement, Automotive",0.2,DEWALT Heated Lightweight Soft Shell Jacket DEWALT Heated Lightweight Soft Shell Jacket Kit DEWALT Heated Jacket has a d
5188,Office_Products,"Tools_and_Home_Improvement, Tools_and_Home_Improvement, Tools_and_Home_Improvement, Tools_and_Home_Improvement, Electronics",0.0,"Green Laser Pointer High Power USB Rechargeable Laser Pointer Pen, Long Range Laser Pointer for Meeting Teaching Hiking "
5229,Office_Products,"Office_Products, Office_Products, Tools_and_Home_Improvement, Tools_and_Home_Improvement, Tools_and_Home_Improvement",0.4,"Vinyl Cutter, ProCut Creation CR1300 With Stand And Basket And VinylMaster Cut, 5 Year Warranty Creation CR1300 USB 2.0 "
5242,Electronics,"Electronics, Musical_Instruments, Appliances, Electronics, Musical_Instruments",0.4,"Comet Original Daiwa SWR Power Meter, AVG Reading, 2KW Power 1 KW - Connector, Black, Medium Daiwa CN 501H2 HF/VHF Bench"
5250,Automotive,"Tools_and_Home_Improvement, Tools_and_Home_Improvement, Tools_and_Home_Improvement, Tools_and_Home_Improvement, Automotive",0.2,CXRacing Aluminum Heat Exchanger For Air to Water Intercooler Inch CXRacing Aluminum Heat Exchanger For Air to Water Int
5260,Electronics,"Electronics, Cell_Phones_and_Accessories, Cell_Phones_and_Accessories, Electronics, Cell_Phones_and_Accessories",0.4,"MegaMount Multimedia Rig Case Video Stabilizer for Apple iPad 10.2 inch Latest 8th and 7th Gen Only Attach Lenses, Light"
5297,Toys_and_Games,"Electronics, Electronics, Electronics, Automotive, Electronics",0.0,Parallax 28803 Board of Education Full Kit USB version The Board of Education Full Kit contains a Board of Education car
5304,Tools_and_Home_Improvement,"Tools_and_Home_Improvement, Musical_Instruments, Automotive, Tools_and_Home_Improvement, Automotive",0.4,Isolate It Sorbothane Vibration Isolation Washer 30 Duro with 3M Adhesive (.45 ID - 1 OD -.19 H) - 8 Pack Reduce Vibrati
5306,Tools_and_Home_Improvement,"Tools_and_Home_Improvement, Tools_and_Home_Improvement, Automotive, Automotive, Automotive",0.4,TONRYCUE Airless Paint Sprayer Pump Replaces 17C721 for Graco 390 395 490 495 595 Airless Paint Sprayer Pump Replaces 17
5312,Electronics,"Office_Products, Office_Products, Office_Products, Electronics, Office_Products",0.2,"Smile You're on Camera Sign (2 Pack), Video Surveillance Sign Metal, 10 x 3.5 Home Security Signs for House Business, Ca"
5314,Musical_Instruments,"Musical_Instruments, Musical_Instruments, Electronics, Tools_and_Home_Improvement, Tools_and_Home_Improvement",0.4,"LittLite Gooseneck Light for Midas M32 Console When it's dark at the venue, light up your board with the LittLite lamp. "
5317,Musical_Instruments,"Musical_Instruments, Tools_and_Home_Improvement, Tools_and_Home_Improvement, Musical_Instruments, Tools_and_Home_Improvement",0.4,Hodge Silk Clarinet Swab - Burgundy Hodge silk clarinet swabs are perfect for both professionals and students alike. The
5346,Tools_and_Home_Improvement,"Electronics, Toys_and_Games, Musical_Instruments, Electronics, Electronics",0.0,"ESD anti-static cleanroom engineer bag for semiconductor cleanroom clear pvc bag Dear Geltman and Ladys, thanks you visi"
5357,Toys_and_Games,"Tools_and_Home_Improvement, Electronics, Toys_and_Games, Toys_and_Games, Tools_and_Home_Improvement",0.4,"TinkerTurf Sci-Fi Terrain Perimeter Wall, Neutral Theme, Sturdy, Affordable, Great-Looking Full-Color Terrain, Quick and"
5361,Tools_and_Home_Improvement,"Automotive, Automotive, Tools_and_Home_Improvement, Automotive, Automotive",0.2,Dripless Paint Dawg Paint Bucket with 24 Liners | Bucket With Handle | Liners for Easy Paint Clean Up | | 9.75 x 9.75 x 
5363,Tools_and_Home_Improvement,"Tools_and_Home_Improvement, Tools_and_Home_Improvement, Automotive, Electronics, Automotive",0.4,"Dual-Lite Approved 6-volt 8Ah for New Pure Lead Battery This Dual-Lite approved pure lead (PL) battery, part number is m"
5376,Tools_and_Home_Improvement,"Tools_and_Home_Improvement, Office_Products, Office_Products, Office_Products, Office_Products",0.2,"US Cargo Control 26 lb/Dozen, 80 x72 Large Moving Blanket, MBSKIN Skin, Cotton SPECS - Length 80 inches | Width 72 inche"
5390,Electronics,"Office_Products, Office_Products, Office_Products, Office_Products, Office_Products",0.0,"Canon PIXMA Wireless Professional Color Photo Printer, Prints up to 13 X 19, 3.0 Color LCD Screen, & Layout Software and"
5426,Electronics,"Electronics, Electronics, Tools_and_Home_Improvement, Tools_and_Home_Improvement, Tools_and_Home_Improvement",0.4,"Godox 65in Parabolic Reflective Umbrella,Black White Reflective Umbrella Studio Light Umbrella with Diffuser Cover Cloth"
5427,Appliances,"Tools_and_Home_Improvement, Appliances, Tools_and_Home_Improvement, Tools_and_Home_Improvement, Tools_and_Home_Improvement",0.2,"Waterdrop Plus Refrigerator Water Filter, Replacement for LG® Kenmore NSF Pack of 3 Replacement for Water Filter Models "
5446,Musical_Instruments,"Musical_Instruments, Musical_Instruments, Electronics, Automotive, Tools_and_Home_Improvement",0.4,48 Pack Black&Blue Acoustic Foam Panels 2 X 12 X 12 Soundproofing Studio Foam Wedge Tiles Fireproof - Top Quality - Idea
5453,Electronics,"Cell_Phones_and_Accessories, Cell_Phones_and_Accessories, Electronics, Cell_Phones_and_Accessories, Cell_Phones_and_Accessories",0.2,"Samsung Galaxy Cellphone - S10 Sprint (Black) Do more with Samsung Galaxy S10's bold form and intelligent battery, and a"
5454,Automotive,"Automotive, Tools_and_Home_Improvement, Tools_and_Home_Improvement, Tools_and_Home_Improvement, Tools_and_Home_Improvement",0.2,WOOLWAX™ Auto/Truck Lanolin Undercoating 5 Gallon Pail. Black ** We try to ship the same day that order is placed (if a 
5459,Automotive,"Automotive, Appliances, Tools_and_Home_Improvement, Appliances, Automotive",0.4,"BikeMaster Parts Washer Better than the sink. Lightweight, corrosion-proof, insulated, safe, cleaner and cost-effective,"
5478,Electronics,"Electronics, Automotive, Cell_Phones_and_Accessories, Electronics, Automotive",0.4,"IOTA Converter and Charger High quality engineering is the hallmark of IOTA, and the DLS series is no exception; their e"
5492,Cell_Phones_and_Accessories,"Tools_and_Home_Improvement, Tools_and_Home_Improvement, Tools_and_Home_Improvement, Tools_and_Home_Improvement, Office_Products",0.0,"FixtureDisplays® Cell Phone Storage Station Lockers with 5.5 L Slot Works for Mini, Assignment Mail Slot Box No Charging"
5511,Office_Products,"Electronics, Electronics, Tools_and_Home_Improvement, Office_Products, Electronics",0.2,Manta Ray S13830 Blue Frame Four Station Easel With Mega-tray Great for indoors or outdoors. Resin frame with clear plas
5539,Tools_and_Home_Improvement,"Tools_and_Home_Improvement, Tools_and_Home_Improvement, Electronics, Appliances, Appliances",0.4,Agratronix BHT-1 Baler-Mounted Hay Moisture Tester BHT 1 USA AgraTronix 07150 BHT-1 Baler-Mounted Hay Moisture Tester me
5557,Office_Products,"Office_Products, Tools_and_Home_Improvement, Tools_and_Home_Improvement, Office_Products, Tools_and_Home_Improvement",0.4,"3dRose Lake Scene Photo with a Thoreau Quote Tile Pen Holder, 5 5 Thoreau quote a Lake scene photo with a Thoreau quote "
5565,Cell_Phones_and_Accessories,"Electronics, Automotive, Tools_and_Home_Improvement, Musical_Instruments, Tools_and_Home_Improvement",0.0,"Coral & Teal Seashells, Starfish, Beach House, Cottage Full / Queen Quilt, Shams & Toss Pillows (6 Piece Bed in A Bag) +"
5566,Automotive,"Electronics, Electronics, Tools_and_Home_Improvement, Electronics, Automotive",0.2,"Scott Prospect Goggles (Yellow/Red, One Size) - 2021 After four years of incredible success, SCOTT is pushing the limits"
5570,Musical_Instruments,"Musical_Instruments, Tools_and_Home_Improvement, Tools_and_Home_Improvement, Musical_Instruments, Electronics",0.4,4-Pack Yuexin 36W RGB DMX512 Outdoor LED Wall Washer Light for Garden IP65 Decoration Building Voltage Power 45W Lamp so
5606,Office_Products,"Toys_and_Games, Electronics, Electronics, Electronics, Automotive",0.0,Zacool 3500 Pcs Garage Sale Stickers Flea Market Pricing Stickers Yard Sale Price Stickers Round Bright Colors Label Sti
5611,Tools_and_Home_Improvement,"Electronics, Electronics, Electronics, Electronics, Electronics",0.0,"PFC - Plastic Carrying Case with Foam, 23 x 16 x 7 Black PFC Stock Cases are the perfect solution when you need a simple"
5617,Tools_and_Home_Improvement,"Appliances, Appliances, Appliances, Appliances, Appliances",0.0,"Frigidaire Handle Assembly, Black Product Description This is a genuine replacement part. The model number and name for "
5649,Electronics,"Tools_and_Home_Improvement, Tools_and_Home_Improvement, Tools_and_Home_Improvement, Tools_and_Home_Improvement, Tools_and_Home_Improvement",0.0,"3M Privacy Filter for 24 Inch Widescreen Monitor, Reversable Gloss/Matte, Reduces Blue Light, Screen Protection, 16 9 As"
5662,Tools_and_Home_Improvement,"Tools_and_Home_Improvement, Electronics, Cell_Phones_and_Accessories, Automotive, Cell_Phones_and_Accessories",0.2,Super Screen 48 Inch x 100 Ft Black Tiny Mesh 20/17 WINDOW AND DOOR Super Screen is a great choice for your window and d
5691,Electronics,"Electronics, Musical_Instruments, Musical_Instruments, Musical_Instruments, Musical_Instruments",0.2,"commountain Speaker Mic for Motorola Radios R2 BPR40D BPR40 CP100D CP200D CP200 CP185 DTR700 CLS DTR RDU RMU,2 Pin Shoul"
5694,Automotive,"Automotive, Tools_and_Home_Improvement, Electronics, Tools_and_Home_Improvement, Automotive",0.4,"Tekonsha 118289 Tow Harness, 7-Way, w/Circuit Protected ModuLite® HD Module, Compatable with Acura MDX T-One Connectors "
5704,Toys_and_Games,"Office_Products, Cell_Phones_and_Accessories, Toys_and_Games, Office_Products, Toys_and_Games",0.4,Mega Lot! 1800 ct Original Rainbow Loom Mixed Bands A new super value pack for mixed bands! Perfect for making jewelry a
5720,Electronics,"Tools_and_Home_Improvement, Tools_and_Home_Improvement, Tools_and_Home_Improvement, Tools_and_Home_Improvement, Tools_and_Home_Improvement",0.0,SYLVANIA 54605 - HPL - Stage and Studio - T6 - 750 Watt - Heat Sink Base by Sylvania HPL Stage and Studio by Sylvania. 7
5733,Automotive,"Tools_and_Home_Improvement, Toys_and_Games, Tools_and_Home_Improvement, Tools_and_Home_Improvement, Tools_and_Home_Improvement",0.0,Stromberg Carlson Second Step for Fifth Wheel Our Econo Porch provides the stability of the ground it rests on. The rise
5735,Cell_Phones_and_Accessories,"Electronics, Electronics, Office_Products, Electronics, Electronics",0.0,Plantronics - Voyager 5200 Office with One-Way Base (Poly) - Bluetooth Single-Ear (Monaural) Headset - Noise Canceling -
5739,Office_Products,"Tools_and_Home_Improvement, Office_Products, Automotive, Tools_and_Home_Improvement, Tools_and_Home_Improvement",0.2,New Wall Mounted Acrylic Cell Phone Locker/Cell Storage - 2 Set Cell phone storage lockers are made from ¼” thick clear 
5762,Tools_and_Home_Improvement,"Automotive, Automotive, Automotive, Automotive, Automotive",0.0,Buyers Products Tarp Motor Forged 90 tooth drive dear for more torque and extended life 3-1/8 x 3/4 extended output shaf
5771,Tools_and_Home_Improvement,"Musical_Instruments, Office_Products, Tools_and_Home_Improvement, Electronics, Electronics",0.2,"Enclume HS Gourmet Deep Bookshelf Wall Rack with Curved Arm, 30, Hammered Steel Enclume Handcrafted 30 Gourmet Curved Ar"
5774,Office_Products,"Toys_and_Games, Toys_and_Games, Toys_and_Games, Tools_and_Home_Improvement, Toys_and_Games",0.0,Deluxe School & Classroom Sensory Path Kit – with 65 Custom Vinyl Decals Includes 65 High Quality & Extremely Durable Vi
5783,Electronics,"Office_Products, Office_Products, Office_Products, Office_Products, Office_Products",0.0,VineonTec Remanufactured for Canon 245XL 246XL Ink Cartridge Compatible for Pixma MX492 TS3120 MG2522 MX490 MG2920 MG292
5800,Appliances,"Appliances, Tools_and_Home_Improvement, Appliances, Tools_and_Home_Improvement, Tools_and_Home_Improvement",0.4,Marada 32 x 30 x 2.5 Washer Machine Drain Pan Heavy Duty 304 Stainless Steel Washing Machine Tray Thickness is 1.5 mm (N
5807,Toys_and_Games,"Tools_and_Home_Improvement, Automotive, Automotive, Tools_and_Home_Improvement, Toys_and_Games",0.2,"Tamiya Multi Function Control Unit Tractor Truck Tamiya ventured into the modeling business in 1948, with a scale wooden"
5833,Automotive,"Automotive, Tools_and_Home_Improvement, Tools_and_Home_Improvement, Tools_and_Home_Improvement, Tools_and_Home_Improvement",0.2,Die-matic 2030 SW Heavy Capacity Stand w/2500 lb Dutton Lainson Winch & Strap TALL HEAVY CAPACITY WINCH STAND COMPLETE A
5839,Tools_and_Home_Improvement,"Tools_and_Home_Improvement, Electronics, Electronics, Musical_Instruments, Electronics",0.2,"Cooper B-Line 204 MS68 200A, 1P, 4 Jaw, Meter Socket Part Number Part Cooper B-Line 204 MS68 200A, 1P, 4 Jaw, Meter Sock"
5847,Tools_and_Home_Improvement,"Automotive, Electronics, Automotive, Automotive, Automotive",0.0,Pro Moto Billet Spark Arrestor End Cap - Fits Honda When you need a quick and easy way to get a USFS approves spark arre
5863,Tools_and_Home_Improvement,"Automotive, Tools_and_Home_Improvement, Automotive, Tools_and_Home_Improvement, Automotive",0.4,T&E Tools Motorcycle Repair Tool Kit A full kit for most makes or model motorcycle repair jobs A full kit for most makes
5876,Electronics,"Electronics, Automotive, Electronics, Tools_and_Home_Improvement, Automotive",0.4,Impact Luxbanx Duo Rectangular Extra Large Softbox (54 x 72) Dimensions 54 x 72 x 28 (137.2 x 183 x 71.1 cm) Shape Recta
5895,Toys_and_Games,"Electronics, Electronics, Toys_and_Games, Electronics, Office_Products",0.2,520 Pieces Insect Stickers Bug Stickers for Kids Butterfly Scrapbook Stickers for Boys Girls Water Bottle Laptop Book (L
5899,Electronics,"Electronics, Electronics, Tools_and_Home_Improvement, Automotive, Tools_and_Home_Improvement",0.4,JINBEI DMII-5 500W Studio Flash Photo Strobe Lights Bowens Mount E-Commerce Product Portrait Photography Monolight 15W L
5900,Appliances,"Appliances, Tools_and_Home_Improvement, Office_Products, Tools_and_Home_Improvement, Electronics",0.2,HayWHNKN Continuous Band Sealer Machine Automatic Horizontal Plastic PVC Bag Band Sealing Machine 110V (FR770 Horizontal
5935,Toys_and_Games,"Toys_and_Games, Electronics, Office_Products, Tools_and_Home_Improvement, Toys_and_Games",0.4,Cryptic Killers Unsolved Murder Mystery Game - Cold Case Files Investigation Detective Evidence & Crime File - Individua
5938,Toys_and_Games,"Office_Products, Office_Products, Toys_and_Games, Cell_Phones_and_Accessories, Toys_and_Games",0.4,4E's Novelty Valentines Bracelets with Cards (48 Pack) Our Class Will Knot Be The Same Without You - Bulk Valentines Day
5990,Electronics,"Electronics, Toys_and_Games, Electronics, Office_Products, Toys_and_Games",0.4,"62 PCS Cute Stickers, Reusable Vinyl Waterproof Cat Stickers for Laptops, luggages & Skateboards, etc. Ppackage info 62P"
6018,Electronics,"Office_Products, Office_Products, Electronics, Office_Products, Toys_and_Games",0.2,"Free-Standing Black Melamine Register Stand, 72 w x 42 x with Adjustable Shelves, Pull-Out Drawer, and Check Writing Are"
6070,Automotive,"Tools_and_Home_Improvement, Automotive, Tools_and_Home_Improvement, Automotive, Tools_and_Home_Improvement",0.4,YITAHOME 5.3 Gallon Portable Travel Toilet RV Potty Upgrade Double Outlet Water Spout Handle Flush Pump Detachable Water
6074,Electronics,"Tools_and_Home_Improvement, Musical_Instruments, Automotive, Electronics, Electronics",0.4,DIYAH Auto Sound Music Beat Activated Car Stickers Equalizer Glow LED Light Audio Voice Rhythm Lamp 90cm X 25cm / 3FT X 
6081,Toys_and_Games,"Office_Products, Electronics, Toys_and_Games, Office_Products, Toys_and_Games",0.4,192 Pieces Christmas School Stationery Set Xmas Classrooms Exchange Stationery Gifts Party Favors Class Reward Prizes No
6091,Tools_and_Home_Improvement,"Electronics, Automotive, Tools_and_Home_Improvement, Automotive, Automotive",0.2,Amerex TYF 2.5lb Halotron I Class B C Fire Extinguisher Pack of 2 Halotron I clean fire extinguishing agent discharges a
6101,Electronics,"Electronics, Cell_Phones_and_Accessories, Electronics, Cell_Phones_and_Accessories, Cell_Phones_and_Accessories",0.4,Samsung Galaxy A70 A705M 128GB DUOS GSM Unlocked Android Phone W/Dual 32MP Camera (International Variant/US Compatible L
6102,Tools_and_Home_Improvement,"Tools_and_Home_Improvement, Tools_and_Home_Improvement, Automotive, Automotive, Automotive",0.4,"Modern Masters Satin Metallic Paint, Gallon, Flash Copper, 1 Gallon (Pack of 1) Suitable for interior surfaces such as w"
6117,Office_Products,"Office_Products, Office_Products, Toys_and_Games, Electronics, Toys_and_Games",0.4,"Excellerations My World Real Photo Posters 16 x 12 inches - Set of 30, Educational Toy, Preschool, Classroom Posters (It"
6125,Tools_and_Home_Improvement,"Electronics, Electronics, Electronics, Electronics, Electronics",0.0,"Tekpower Programmable DC Electronic Load, 300 Watts with Part To Mount to a Rack From the manufacturer The Tekpower DC e"
6135,Tools_and_Home_Improvement,"Tools_and_Home_Improvement, Automotive, Automotive, Automotive, Automotive",0.2,New Air Tool Parts Ingersoll Rand Air Compressor Unloader Valve Air Compressor Unloader Valve Part # Cuts in at 105psi a
6143,Office_Products,"Electronics, Office_Products, Electronics, Musical_Instruments, Office_Products",0.4,SNOM C620 SIP Wireless Conference Phone Get rid of the cables in your meeting room and improve team collaboration. The S
6166,Electronics,"Electronics, Musical_Instruments, Musical_Instruments, Tools_and_Home_Improvement, Office_Products",0.2,"Ringing Over Paging Amplifier PRODUCT DETAILS The K-600F eliminates the installation of multiple bells, relays, and powe"
6173,Toys_and_Games,"Tools_and_Home_Improvement, Office_Products, Tools_and_Home_Improvement, Tools_and_Home_Improvement, Tools_and_Home_Improvement",0.0,Boom Boom Smallest 1/16 x 1/32 Round Disc Magnets - Tiny Holder Fastener for Magnetic Miniatures Wargaming Warhammer 40k
6179,Tools_and_Home_Improvement,"Appliances, Appliances, Appliances, Appliances, Appliances",0.0,"General Electric Thermo Protector Product Description This is a Genuine Replacement Part,The Model Number and Name for T"
6192,Automotive,"Tools_and_Home_Improvement, Tools_and_Home_Improvement, Tools_and_Home_Improvement, Musical_Instruments, Tools_and_Home_Improvement",0.0,Garelick/EEz-In 19843 01 Telescopicing Sport/Diver Ladder Garelick Manufacturing 19843 Telescoping Stainless Steel Sport
6215,Office_Products,"Office_Products, Tools_and_Home_Improvement, Automotive, Tools_and_Home_Improvement, Automotive",0.2,"Safco Products 3962GR Precision Drafting Table Base for use with 3952, 3953 Table Top, Sold Separately, Gray Precision F"
6218,Tools_and_Home_Improvement,"Tools_and_Home_Improvement, Tools_and_Home_Improvement, Office_Products, Office_Products, Office_Products",0.4,"Nylon Self-Adhesive Measuring Tape, with Label Steel Tape, Reusable Tape, Ruler (Left-Right Reading) for Measuring, Forw"
6249,Tools_and_Home_Improvement,"Office_Products, Tools_and_Home_Improvement, Toys_and_Games, Electronics, Tools_and_Home_Improvement",0.4,Shielding Solutions EMF Shielding Paint YSHIELD HSF54 5 Liter High efficient shielding paint for the protection against 
6261,Electronics,"Automotive, Automotive, Tools_and_Home_Improvement, Electronics, Musical_Instruments",0.2,Adafruit NeoPixel NeoMatrix 8x8-64 RGB LED Pixel Matrix Put on your sunglasses before wiring up this LED matrix - 64 eye
6277,Toys_and_Games,"Tools_and_Home_Improvement, Toys_and_Games, Toys_and_Games, Automotive, Automotive",0.4,Unitrack Automatic Crossing Gate S (Basic Set) (Model Train) by Kato Product Description The new automatic crossing S of
6284,Office_Products,"Office_Products, Automotive, Office_Products, Automotive, Automotive",0.4,"FOMI Premium All Gel Orthopedic Seat and Back Cushion Pad | Upper Lower Back Support Pillow for Car, Office, Kitchen Cha"
6285,Automotive,"Toys_and_Games, Toys_and_Games, Toys_and_Games, Electronics, Toys_and_Games",0.0,"FPV Drone, 2.4G 4CH Foldable Mini WiFi 2.0MP 720P Wide Angle HD Camera RC Quadcopter Altitude Hold Headless Helicopter D"
6309,Electronics,"Electronics, Tools_and_Home_Improvement, Electronics, Tools_and_Home_Improvement, Tools_and_Home_Improvement",0.4,"Metro Vacuum Pro Series Toner Vac, Motor From the Manufacturer The DataVac PRO Series can handle every cleaning job in t"
6349,Office_Products,"Office_Products, Tools_and_Home_Improvement, Tools_and_Home_Improvement, Tools_and_Home_Improvement, Office_Products",0.4,"Partners Brand Claim Tags, Consecutively Numbered, Pre-Strung, 4 3/4 x 2 3/8, Green (Pack of 1000) 4 3/4 inch x 2 3/8 in"
6350,Musical_Instruments,"Toys_and_Games, Toys_and_Games, Electronics, Electronics, Automotive",0.0,30 Inch LCD LED Monitor with Stand Attached - ATA 1/4 Ply Case with Wheels - Inside Dimensions - 30 x 10 x 22 1/2 High T
6355,Automotive,"Automotive, Musical_Instruments, Musical_Instruments, Automotive, Electronics",0.4,GIVI E36NA 36LTR Monokey Case The GIVI E36NA Economy Monokey case can be used as a top case or side case but due to the 
6358,Automotive,"Automotive, Musical_Instruments, Tools_and_Home_Improvement, Tools_and_Home_Improvement, Automotive",0.4,"Jet Swet 2062 Kit - Sizes 1/2, 3/4 and 1 Jet Swets (3 Tools) + Set of Replacement Gasket Parts and Waterproof Grease | P"
6365,Tools_and_Home_Improvement,"Toys_and_Games, Tools_and_Home_Improvement, Tools_and_Home_Improvement, Toys_and_Games, Toys_and_Games",0.4,Tupalizy 12PCS Vibrant Double Wings 3D Butterfly Wall Stickers Decals DIY Art Crafts Decorations for Windows Refrigerato
6366,Office_Products,"Office_Products, Office_Products, Musical_Instruments, Electronics, Electronics",0.4,Aastra 470 Standard Phone - Charcoal AASTRA USA INC AASTRA 470 SINGLE-LINE ANALOG SPEAKERPHONE WITH MUTE LARGE 8-LINE BA
6377,Electronics,"Office_Products, Office_Products, Office_Products, Office_Products, Office_Products",0.0,"Speedy Inks Remanufactured Ink Cartridge Replacement for HP21 and HP 22 (2 Black, 2 Color, Compatible with D1311 D1320 D"
6378,Toys_and_Games,"Electronics, Electronics, Electronics, Toys_and_Games, Electronics",0.2,"SVBONY SV601 Microscope for Kids Beginners Children Students Microscope Kit with15 Slides, 18 Cover Glass, 2X Barlow Len"
6437,Office_Products,"Tools_and_Home_Improvement, Office_Products, Tools_and_Home_Improvement, Tools_and_Home_Improvement, Tools_and_Home_Improvement",0.2,Grex 2116AD 21 Gauge 3/16 Crown Stapler Similar to Senco A and D Series Staples The grex 2116 ad is the most compact and
6456,Electronics,"Tools_and_Home_Improvement, Tools_and_Home_Improvement, Tools_and_Home_Improvement, Tools_and_Home_Improvement, Tools_and_Home_Improvement",0.0,Creative Light 100897 Inches Light Shed Light Sheds by Creative Light are collapsible photo studios that are perfectly d
6458,Electronics,"Electronics, Automotive, Toys_and_Games, Electronics, Toys_and_Games",0.4,"DJI Focus Wireless Follow Focus System, Includes Remote Controller, Motor, 2X Antenna DJI Focus Wireless Follow Focus Sy"
6464,Automotive,"Automotive, Automotive, Tools_and_Home_Improvement, Tools_and_Home_Improvement, Tools_and_Home_Improvement",0.4,"Lippert Replacement Neo Angle Shower Pan with Center Drain and 5 Apron for RVs, Travel Trailers, 5th Wheels and Motorhom"
6469,Tools_and_Home_Improvement,"Automotive, Automotive, Tools_and_Home_Improvement, Tools_and_Home_Improvement, Automotive",0.4,"ABUS 28/70 Diskus Hardened Steel Padlock Keyed Alike, Pack of 2 The disc lock is a special form of padlock with some dis"
6471,Tools_and_Home_Improvement,"Electronics, Electronics, Tools_and_Home_Improvement, Electronics, Electronics",0.2,"Square D - SQ D Load Center 3PH 30CKT M, Black The Square D QO 200 Amp Main Lugs Only Fixed Mains Indoor Load Center is "
6493,Electronics,"Electronics, Electronics, Office_Products, Office_Products, Office_Products",0.4,"MAM-A (Mitsui) Digital-Audio Silver Inkjet Printable CD-R's 50-Pak in Shrinkwrap These discs have an unbranded, no-logo,"
6523,Tools_and_Home_Improvement,"Tools_and_Home_Improvement, Automotive, Tools_and_Home_Improvement, Automotive, Automotive",0.4,NextStone Polyurethane Faux Stone Window and Door Trim - Sandstone - Gray for Home Improvement/DIY Friendly (4 Trim per 
6531,Toys_and_Games,"Electronics, Toys_and_Games, Electronics, Electronics, Electronics",0.2,"IQCrew STEM Science Discovery Inverted Microscope with 25 Prepared Slides, and Microscope Book for Students and Kids The"
6544,Office_Products,"Electronics, Electronics, Office_Products, Cell_Phones_and_Accessories, Electronics",0.2,"AML Batch Data Collection Handheld Computer, CCD Scanner, DC Suite SW, 3, 200 MAH Battery, 24-Key Alphanumeric Keyboard "
6552,Electronics,"Office_Products, Office_Products, Office_Products, Office_Products, Office_Products",0.0,HP PhotoSmart 375 Compact Photo Printer Product Description Easily print and share photos almost anywhere--without a com
6553,Toys_and_Games,"Toys_and_Games, Office_Products, Tools_and_Home_Improvement, Electronics, Office_Products",0.2,Personalized World Map Blue Piggy Bank MyBambino is our name and Piggy Banks are our game. We have been selling personal
6569,Automotive,"Automotive, Automotive, Tools_and_Home_Improvement, Tools_and_Home_Improvement, Tools_and_Home_Improvement",0.4,Arlen Ness Method Clear Sucker Chrome 18-972 Forged billet aluminum air cleaner featuring a polycarbonate window allowin
6612,Cell_Phones_and_Accessories,"Cell_Phones_and_Accessories, Electronics, Office_Products, Cell_Phones_and_Accessories, Toys_and_Games",0.4,ONLYKXY 2pcs Cell Phone Charms Strap Anti- Lost Phone Lanyard Straps Stylish Phone Beads for Phone Bracelet Pocket Car K
6613,Toys_and_Games,"Tools_and_Home_Improvement, Tools_and_Home_Improvement, Tools_and_Home_Improvement, Tools_and_Home_Improvement, Tools_and_Home_Improvement",0.0,Trampoline Ladder Slide Combo with Wide Platform; Safe Trampoline Entry and Exit for Toddlers and Kids; Fits Standard Ro
6614,Tools_and_Home_Improvement,"Automotive, Automotive, Automotive, Tools_and_Home_Improvement, Tools_and_Home_Improvement",0.4,"Woods Alflex Type Rwa Flexible Metal Conduit, Gray Alflex-Type RWA Reduced Wall Aluminum Flexible Metal Conduit. High St"
6626,Musical_Instruments,"Electronics, Electronics, Musical_Instruments, Electronics, Electronics",0.2,Eminence ENINENCE 10 ENINENCE 10 VERY HIGH 8.52MM XMAX FOR A CLEAN STRONG BASS SOUND Package Weight 3.583 kilograms Pack
6644,Electronics,"Electronics, Automotive, Office_Products, Tools_and_Home_Improvement, Electronics",0.4,Caputron 2x2 Activadose tDCS Device Starter Kit Most researched and trusted tDCS device by professionals and universitie
6654,Office_Products,"Office_Products, Toys_and_Games, Toys_and_Games, Office_Products, Toys_and_Games",0.4,THE FRECKLED FROG Happy Architect - Emergency - Set of 20 - Ages 2+ - Wooden Blocks for Preschoolers and Elementary Aged
6660,Toys_and_Games,"Tools_and_Home_Improvement, Toys_and_Games, Toys_and_Games, Office_Products, Tools_and_Home_Improvement",0.4,DUNGEONS AND DRAGONS 5E Keys from The Golden Vault (Alternate Cover) Keys From the Golden Vault (Alternate Cover)An anth
6674,Automotive,"Electronics, Electronics, Electronics, Electronics, Electronics",0.0,"ASA Jensen JE2417 24' LED TV, High Performance Wide 16 9 LCD Panel, White LED Illumination, 1920 x 1080 Full HD, Integra"
6678,Tools_and_Home_Improvement,"Automotive, Automotive, Automotive, Automotive, Automotive",0.0,beler Clear Side Mirror Amber LED Turn Signal Light Fit For Hyundai Tucson ix35 Specifications Condition 100% new Body C
6683,Electronics,"Electronics, Tools_and_Home_Improvement, Cell_Phones_and_Accessories, Tools_and_Home_Improvement, Tools_and_Home_Improvement",0.2,Tenergy T9688 Universal LCD Battery Charger + 8 Pack D Size NiMH Rechargeable Batteries UL Certified Money saving eco-fr
6693,Office_Products,"Office_Products, Office_Products, Electronics, Electronics, Electronics",0.4,OK010 Ergonomic Laptop/Keyboard/Mouse Stand-Mount for Workstation/Video Gaming/etc (can be Installed to Your Chair Colum
6696,Electronics,"Musical_Instruments, Tools_and_Home_Improvement, Tools_and_Home_Improvement, Tools_and_Home_Improvement, Musical_Instruments",0.0,Golfbuddy (Golf Buddy) Golf Buddy Voice Plus Wristband included (pre-mounted) Battery life increased (up to 11 hours) Ta
6736,Electronics,"Electronics, Office_Products, Office_Products, Office_Products, Musical_Instruments",0.2,Double Slimline CD Jewel Boxes with a Dark Gray / Black Pivot Tray - - Set of 10 These are the size of a regular jewel b
6742,Cell_Phones_and_Accessories,"Electronics, Cell_Phones_and_Accessories, Tools_and_Home_Improvement, Automotive, Electronics",0.2,Gomadic Portable Emergency AA Battery Charger Extender Suitable for The Verizon MiFi 2200 Brand TipExchange Technology T
6766,Electronics,"Toys_and_Games, Electronics, Electronics, Musical_Instruments, Musical_Instruments",0.4,"1.10b DSP SDR Receiver, 3.5 Touch Screen Malahit DSP SDR Receiver, Battery Malahit SDR Shortwave Radio Receiver, Aluminu"
6790,Tools_and_Home_Improvement,"Automotive, Automotive, Automotive, Automotive, Automotive",0.0,Lamin-x Custom Fit Yellow Headlight Covers for Nissan 350Z Disclaimer THIS PARTICULAR MODEL CAR HAS HAD KNOWN PROBLEMS W
6807,Tools_and_Home_Improvement,"Office_Products, Toys_and_Games, Office_Products, Office_Products, Office_Products",0.0,"ONE MORE 15pcs Pastry Bakery Box Donuts,Muffins,Cookies Boxes - Auto-Pop Up Feature with Clear Window Pack of 15 (White,"
6835,Office_Products,"Office_Products, Electronics, Office_Products, Electronics, Electronics",0.4,Balt Productive Classroom Furniture The up-rite desk mounted sit/stand workstation instantly transforms your existing de
6843,Electronics,"Musical_Instruments, Musical_Instruments, Musical_Instruments, Musical_Instruments, Electronics",0.2,Gator Cases 28 Creative Pro Bag for Video Camera Systems with Wheels & Pull Handle Gator creative Pro Series 28” wheeled
6846,Tools_and_Home_Improvement,"Office_Products, Automotive, Automotive, Automotive, Automotive",0.0,"MILEQEE Door Weather Stripping Tape, (6m), Sealers for Door Frame, Window Gap Filler, Indoor Gap Sealer Foam Roll, Weath"
6850,Electronics,"Electronics, Automotive, Automotive, Automotive, Automotive",0.2,Android Screen Display Monitor Auto Audio Stereo Multimedia Player GPS Navigation for BMW Old 3 5 Series E60 E61 E63 E90
6859,Electronics,"Tools_and_Home_Improvement, Tools_and_Home_Improvement, Tools_and_Home_Improvement, Electronics, Tools_and_Home_Improvement",0.2,"Waterproof IP67 RFID Card Door Access Controller, Keypad Security Door Access Control System, Access Controller Support "
6877,Toys_and_Games,"Electronics, Electronics, Tools_and_Home_Improvement, Electronics, Electronics",0.0,"Shiny Brass Telescope Double Barrel Maritime Telescope Wooden Tripod Stand Harbor Master Height 63 inches, Ground Diamet"
6894,Automotive,"Tools_and_Home_Improvement, Tools_and_Home_Improvement, Automotive, Automotive, Tools_and_Home_Improvement",0.4,Arlen Ness 19-757 Black Ness Deep Cut Inner Shift Lever Solo shift levers are CNC machined from billet aluminum adds cle
6903,Musical_Instruments,"Automotive, Automotive, Tools_and_Home_Improvement, Automotive, Tools_and_Home_Improvement",0.0,V-Show 198W LED Module Beam Moving Head Light with Halo-Stage Moving Beam Head for Disco Club Party Stage Lighting Shows
6908,Toys_and_Games,"Toys_and_Games, Automotive, Automotive, Automotive, Automotive",0.2,Hot Racing Cv Splined Axles Drive Shafts TRA 1/16 Revo VXL Hot Racing optional upgrade heavy duty splined star drive CVD
6922,Musical_Instruments,"Musical_Instruments, Electronics, Electronics, Musical_Instruments, Electronics",0.4,"Ashdown Rootmaster II Bass Head For those seeking Ashdown tone, power and reliability without the weight the RM-500 EVO "
6949,Tools_and_Home_Improvement,"Electronics, Electronics, Electronics, Electronics, Electronics",0.0,"XTU WiFi Video Doorbell Camera, Wireless Doorbell Camera with Chime, 1080P HD, 2-Way Audio, Motion Detection, IP65 Water"
6973,Toys_and_Games,"Toys_and_Games, Tools_and_Home_Improvement, Electronics, Automotive, Tools_and_Home_Improvement",0.2,Savox BE 1210SG 1210 Waterproof Coreless Steel Gear Digital Servo + Glitch Buster Includes CHICAGOLAND RC Coupon INCLUDE
6998,Musical_Instruments,"Office_Products, Electronics, Musical_Instruments, Electronics, Musical_Instruments",0.4,"Meinl Percussion TMLTS Double Braced Tripod Laptop Table Stand, Steel The Mein laptop table stand comes with a strap and"
7000,Automotive,"Automotive, Tools_and_Home_Improvement, Tools_and_Home_Improvement, Tools_and_Home_Improvement, Automotive",0.4,Class A Customs 24 Gallon RV Waste Black Water Holding Tank RV Waste Water Holding Tank MADE IN THE USA by Class A Custo
7001,Electronics,"Office_Products, Office_Products, Office_Products, Office_Products, Office_Products",0.0,"DNP Event Photo Printer 6 Dye Sublimation, for Booth Portrait Printing, 290 4x6 Prints Per Hour Ideal for photo retailer"
7009,Musical_Instruments,"Musical_Instruments, Musical_Instruments, Tools_and_Home_Improvement, Tools_and_Home_Improvement, Tools_and_Home_Improvement",0.4,"CHAUVET DJ Hurricane 533 Watt Haze 2D Water-Based Haze Machine, 2 Gal HFG Fluids **Package Includes ** (1) Chauvet Hurri"
7013,Electronics,"Tools_and_Home_Improvement, Tools_and_Home_Improvement, Tools_and_Home_Improvement, Automotive, Electronics",0.2,"BAND-IT AS2129 Tie-Lok 304 Stainless Steel Cable Tie, 1/4 Width, 16.5 Length, 4 Maximum Diameter, 100 per Bag BAND-IT Ti"
7028,Cell_Phones_and_Accessories,"Automotive, Cell_Phones_and_Accessories, Cell_Phones_and_Accessories, Electronics, Electronics",0.4,Metra Integrated Mounting Solution for iPhone 5 (Black) Integrated Mounting Solution iPhone 5. Now it's easy to add an i
7040,Tools_and_Home_Improvement,"Tools_and_Home_Improvement, Electronics, Automotive, Automotive, Tools_and_Home_Improvement",0.4,"Chums Neoprene Classic Eyewear Retainer - Durable Floating Sunglasses Sport Strap Neoprene is water friendly, quick dryi"
7059,Automotive,"Automotive, Tools_and_Home_Improvement, Tools_and_Home_Improvement, Automotive, Tools_and_Home_Improvement",0.4,Class A Customs 30 Gallon RV Waste Black Water Holding Tank RV Waste Water Holding Tank MADE IN THE USA by Class A Custo
7079,Electronics,"Office_Products, Electronics, Tools_and_Home_Improvement, Tools_and_Home_Improvement, Electronics",0.4,Record Collector Starter Kit - Vinyl Accessories Gift Set | Record Cleaner | Outer Sleeves | Inner Sleeves to Start Coll
7082,Tools_and_Home_Improvement,"Tools_and_Home_Improvement, Tools_and_Home_Improvement, Automotive, Toys_and_Games, Electronics",0.4,"Streamlight 75697 Flashlight, One Size, Factory Value-priced, high quality tools - leading the market by ensuring that p"
7088,Automotive,"Automotive, Tools_and_Home_Improvement, Tools_and_Home_Improvement, Tools_and_Home_Improvement, Tools_and_Home_Improvement",0.2,Antstone Flaring Tool HVAC Copper Pipe Flare Tool 45° Eccentric Single Tubing Flaring Tool with Clutch Limit Piece for R
7098,Appliances,"Office_Products, Electronics, Office_Products, Electronics, Electronics",0.0,"Compatiable for Reusable Nespresso Capsules - Stainless Steel Refillable Pods for Nespresso Machines (1 Pods, 1 Tamper))"
7100,Toys_and_Games,"Toys_and_Games, Tools_and_Home_Improvement, Toys_and_Games, Tools_and_Home_Improvement, Tools_and_Home_Improvement",0.4,"Novelty Place Toilet Fish Game Set for Kids & Adults - Fishing Rod with Hook Line & Sinker, Water Tank, Blue Cotton Mat "
7114,Toys_and_Games,"Electronics, Electronics, Electronics, Automotive, Electronics",0.0,Tiger Motors T-Motor Pacer F7 USB-C Flight Controller T-Motor's Pacer F7 USB-C Flight Controller is designed to work sea
7123,Automotive,"Tools_and_Home_Improvement, Automotive, Electronics, Tools_and_Home_Improvement, Tools_and_Home_Improvement",0.2,AK Wall Art Campfire Camping Hiking Outdoor Nature - Vinyl Decal - Car Phone Helmet - Select Size Extra small size - for
7136,Electronics,"Automotive, Automotive, Automotive, Automotive, Electronics",0.2,"A & UTV PRO Maverick X3 Speaker Pods,Front Door Speaker Enclosure 6.5 inch Mount Compatible with Can Am Maverick X3 / X3"
7164,Electronics,"Toys_and_Games, Toys_and_Games, Electronics, Electronics, Cell_Phones_and_Accessories",0.4,DJI Ronin BG30 Grip for RS 2 The DJI Ronin BG30 Grip powers DJI RS 2 for up to 12 hours. It supports 24W PD and QC2.0 qu
7167,Electronics,"Electronics, Office_Products, Office_Products, Musical_Instruments, Office_Products",0.2,"Nulaxy Laptop Stand, Ergonomic Aluminum Laptop Computer Stand, Detachable Laptop Riser Notebook Holder Stand Compatible "
7174,Musical_Instruments,"Musical_Instruments, Electronics, Electronics, Electronics, Electronics",0.2,"Sound Town Pair of Passive Wall-Mount Column Mini Line Array Speakers with 4 x 5” Woofers, White for Live Event, Church,"
7180,Tools_and_Home_Improvement,"Automotive, Automotive, Tools_and_Home_Improvement, Automotive, Automotive",0.2,Security Chain Company Quik Grip V-Bar Light Truck CAM LRS Tire Traction Chain - Set of 2 Security Chain Company's Quik 
7202,Automotive,"Automotive, Automotive, Tools_and_Home_Improvement, Tools_and_Home_Improvement, Tools_and_Home_Improvement",0.4,"Lippert Components Replacement 24 x 36 x 59 White Bathtub Wall Surround with Scratch-Resistant ABS Acrylic for RVs, Trav"
7229,Toys_and_Games,"Tools_and_Home_Improvement, Tools_and_Home_Improvement, Tools_and_Home_Improvement, Tools_and_Home_Improvement, Automotive",0.0,Fielect Flex Collet Coupler for 3.18mm Motor Shaft and 4mm Flex Shaft Flexible Coupling RC Boat Forword Flex Collet Coup
7250,Electronics,"Office_Products, Electronics, Electronics, Office_Products, Office_Products",0.4,Fuji LTO 7 Ultrium Tape - 10 Pack The Fujifilm LTO Ultrium 7 Tape cartridge is produced with Barium Ferrite magnetic par
7256,Electronics,"Musical_Instruments, Electronics, Musical_Instruments, Toys_and_Games, Electronics",0.4,for Logitech Harmony 650 Infrared Remote Control Travel Hard EVA Protective Case Carrying Pouch Cover Bag Compact Size b
7268,Tools_and_Home_Improvement,"Automotive, Tools_and_Home_Improvement, Automotive, Automotive, Tools_and_Home_Improvement",0.4,"4 X 90 - Dust Collection Elbow (Long Radius) 20 Ga. Galvanized Steel All elbows are smooth bore, long radius (1.5 x clr)"
7288,Tools_and_Home_Improvement,"Office_Products, Automotive, Tools_and_Home_Improvement, Tools_and_Home_Improvement, Automotive",0.4,Western Safety Rolling Knee Pads These rolling knee pads provide mobility while protecting your knees. The rolling platf
7291,Musical_Instruments,"Musical_Instruments, Musical_Instruments, Tools_and_Home_Improvement, Automotive, Automotive",0.4,AMERICAN DJ Fog Fury Jett 700 Watt Fog Machine & LED Light Effect w/Remote + HDF Fluid The ADJ Fog Fury Jett is a high v
7304,Electronics,"Musical_Instruments, Musical_Instruments, Musical_Instruments, Musical_Instruments, Musical_Instruments",0.0,"Audio-Technica AT8024 Stereo/Mono Camera-Mount Condenser Microphone,Black With its lightweight yet feature-rich design, "
7368,Musical_Instruments,"Electronics, Electronics, Electronics, Electronics, Musical_Instruments",0.2,"Wall Mount Open Frame Rack Rack Spaces 26 1/4 H (15U Space), Depth 12 Rack Spaces 26 1/4 H (15U Space), Depth 12 Feature"
7379,Automotive,"Automotive, Automotive, Tools_and_Home_Improvement, Electronics, Tools_and_Home_Improvement",0.4,"Kastar Hand Tools Tie Rod Wrench Works on most spline, hex, and two flat design tie rods Works on most spline, hex, and "
7387,Tools_and_Home_Improvement,"Tools_and_Home_Improvement, Electronics, Automotive, Automotive, Automotive",0.2,"Connecticut Electric Pushmatic P120 Replacement. One Pole 20 Amp Circuit Breaker, Gray Product Description Connecticut E"
7413,Electronics,"Electronics, Musical_Instruments, Automotive, Electronics, Musical_Instruments",0.4,RANGER Chrome Edition Cb Ham Radio Noise Canceling Mic 4 Pin Wired The RANGER is a rugged noise-canceling microphone wit
7415,Appliances,"Automotive, Automotive, Automotive, Automotive, Automotive",0.0,"ECOFLOW 298Wh Plug-in Battery for GLACIER Portable Refrigerator Up to 40 Hr Runtime, Lithium Battery USB-C 100W Charger "
7426,Automotive,"Automotive, Tools_and_Home_Improvement, Automotive, Tools_and_Home_Improvement, Tools_and_Home_Improvement",0.4,"BA Products Towmate 32 Wireless Tow Light with Turn Signals & Brake Lights for RV, Camper, Trailer 32 wireless magnetic "
7484,Office_Products,"Electronics, Electronics, Electronics, Electronics, Electronics",0.0,Akitio Quad (Enclosure Only) - WINDOWS ONLY Currently not supported by Mac This 4-bay storage enclosure is designed to h
7495,Tools_and_Home_Improvement,"Electronics, Electronics, Electronics, Electronics, Electronics",0.0,"TR Series Angle Power Strip, 9 inch, 1 Dual Receptacle, White The patented TR Angle Power Strip mounts under cabinets an"
7507,Tools_and_Home_Improvement,"Tools_and_Home_Improvement, Automotive, Automotive, Tools_and_Home_Improvement, Automotive",0.4,"Guardian 15170 Parapet Clamp Guardrail System – Durable, Powder Coated Steel Clamp for Guardrails Product Description Th"
7508,Musical_Instruments,"Tools_and_Home_Improvement, Automotive, Musical_Instruments, Tools_and_Home_Improvement, Tools_and_Home_Improvement",0.2,DNYSYSJ CO2 Cannon Fog Gun Machine Handheld CO2 Confetti Machine Stage Effect Confetti Gun Shooter Refill Smoke Fog Gun 
7525,Office_Products,"Office_Products, Electronics, Electronics, Electronics, Electronics",0.2,HP LaserJet P3005 Printer - (Renewed) This pre-owned or refurbished product has been professionally inspected and tested
7537,Automotive,"Automotive, Tools_and_Home_Improvement, Automotive, Tools_and_Home_Improvement, Tools_and_Home_Improvement",0.4,Autoloc Power Accessories 9704 2 Door Remote Central Lock Kit with Remotes POWER UP! With AutoLoc's power door lock conv
7544,Toys_and_Games,"Toys_and_Games, Tools_and_Home_Improvement, Tools_and_Home_Improvement, Automotive, Tools_and_Home_Improvement",0.2,"I Slipped On My Beans T-shirt, Rita And Janet Custom Girl T-shirt, Mom Dad And T Shirt For Kids, Personalized Family Mat"
7559,Musical_Instruments,"Musical_Instruments, Automotive, Musical_Instruments, Electronics, Office_Products",0.4,"K & M Table-style Digital Piano Stand Table-style Digital Piano Stand Professional, heavy-duty steel stand for digital p"
7563,Automotive,"Automotive, Electronics, Electronics, Electronics, Electronics",0.2,Reopro RV Converter | Multiple Capacities | RV Power Converter | RV Battery Charger Power Supply (55 Amp) Replacement fo
7569,Automotive,"Automotive, Tools_and_Home_Improvement, Tools_and_Home_Improvement, Toys_and_Games, Tools_and_Home_Improvement",0.2,"JEGS Trailer Cabinets & Trailer Shelves with Fold Down Work Station - Lightweight, Aluminum Enclosed Trailer Cabinets Ma"
7576,Office_Products,"Toys_and_Games, Toys_and_Games, Office_Products, Office_Products, Toys_and_Games",0.4,"PopLife HAPPY BIRTHDAY Hot Air Balloons 3D Pop Up Birthday Card - Bday Card for Coworker, for Kids Party - Colorful Surp"
7577,Automotive,"Electronics, Tools_and_Home_Improvement, Tools_and_Home_Improvement, Automotive, Automotive",0.4,Python 4806P 4806P 2-Way LED Remote-Start System with 1-Mile Range This 4806P 2-Way LED Remote-Start System with 1-Mile 
7584,Musical_Instruments,"Electronics, Musical_Instruments, Musical_Instruments, Electronics, Electronics",0.4,"Shure SRH940 Professional Reference Headphones - Designed for Critical Listening, Studio Monitoring & Mastering, Ideal f"
7627,Tools_and_Home_Improvement,"Automotive, Automotive, Musical_Instruments, Automotive, Automotive",0.0,The Hillman Group 54113 Felt Lined Mirror Clip 3/8 x Product Description Install your mirror with ease with our Felt Lin
7647,Toys_and_Games,"Tools_and_Home_Improvement, Office_Products, Office_Products, Automotive, Tools_and_Home_Improvement",0.0,"16Pcs Soft Tiles Foam Interlocking Floor Mats,Puzzle Play Mats Splicing Carpet Plush Carpet Area Rug for Playmat Play Ro"
7653,Office_Products,"Tools_and_Home_Improvement, Tools_and_Home_Improvement, Tools_and_Home_Improvement, Tools_and_Home_Improvement, Tools_and_Home_Improvement",0.0,"Cosco EasyCut Carton Cutter Replacement Blade, Metallic 10 per Pack Replacement blades are designed for use in the Cosco"
7671,Electronics,"Musical_Instruments, Electronics, Musical_Instruments, Electronics, Musical_Instruments",0.4,"Dayton Audio 15 150 Watt Powered Subwoofer Enormous 15 heavy-duty, long-throw woofer 150W amplifier with selectable auto"
7684,Appliances,"Tools_and_Home_Improvement, Tools_and_Home_Improvement, Tools_and_Home_Improvement, Appliances, Tools_and_Home_Improvement",0.2,"WaterSentinel WSS-2 Refrigerator Water Filter Replacement for Drinking Water Filtration, Fits Samsung HAF-CIN Filters Ca"
7700,Cell_Phones_and_Accessories,"Electronics, Electronics, Cell_Phones_and_Accessories, Electronics, Electronics",0.2,BLU G71+ | 2022 | 3-Day Battery | Unlocked| 6.5” HD+ Display | US Version | US Warranty| | Green With designer paint fin
7717,Electronics,"Office_Products, Electronics, Office_Products, Office_Products, Office_Products",0.2,"SKE Desk TOP Desk Height Adjustable Standing Desk for 2 Monitors, Round, Medium 35.4 x inches (90 x 56-76 cm), with Slid"
7746,Tools_and_Home_Improvement,"Appliances, Automotive, Tools_and_Home_Improvement, Automotive, Automotive",0.2,Honeywell Fan Control Center This Honeywell Fan Control Center provides low voltage control of line voltage fan motors a
7757,Tools_and_Home_Improvement,"Toys_and_Games, Automotive, Tools_and_Home_Improvement, Office_Products, Tools_and_Home_Improvement",0.4,"IncStores 5/8 Inch Thick Eco-Soft Carpet-Top Foam Tiles | High-Density Commercial Carpet Tiles for Basement, Classroom, "
7761,Electronics,"Electronics, Electronics, Tools_and_Home_Improvement, Tools_and_Home_Improvement, Tools_and_Home_Improvement",0.4,"Compressed Air Duster Keyboard Cleaner for Office, Good Replacement for Compressed Air Can, Electric Air Duster, Cordles"
7815,Office_Products,"Office_Products, Office_Products, Electronics, Electronics, Electronics",0.4,"Stand Up Desk Store Power Pro Electric Adjustable Height Two Tier Standing Desk Converter (Black, 36 Wide) Turns any des"
7826,Toys_and_Games,"Automotive, Automotive, Automotive, Automotive, Automotive",0.0,Yeah Racing QUTUS Challenger 50mm Damper Set for 1/10 RC Touring M-Chassis Car Red Yeah Racing Aluminum QUTUS Challenger
7849,Appliances,"Appliances, Tools_and_Home_Improvement, Tools_and_Home_Improvement, Tools_and_Home_Improvement, Appliances",0.4,LG Knob Stainless Non-Super This is an authorized aftermarket product. Fits with various LG brand models. It has a oem p
7861,Tools_and_Home_Improvement,"Office_Products, Office_Products, Tools_and_Home_Improvement, Office_Products, Office_Products",0.2,"Curb-N-Sign Outdoor Hanging Mailbox House Address Numbers Plaque, Custom Double Sided Numbers, Super Reflective Address "
7875,Musical_Instruments,"Automotive, Electronics, Toys_and_Games, Tools_and_Home_Improvement, Automotive",0.0,"Echelon Reflect Stand,Black Maximize the mobility of your home workout space with the all-new Echelon Reflect Stand. Thi"
7900,Automotive,"Automotive, Tools_and_Home_Improvement, Tools_and_Home_Improvement, Tools_and_Home_Improvement, Automotive",0.4,Pit Posse 903BK Overhead Storage Cabinet Diamond Plated Organizer Shelf for Trailer Garage Shop | Made in USA | 5 Yr War
7905,Cell_Phones_and_Accessories,"Electronics, Electronics, Electronics, Electronics, Cell_Phones_and_Accessories",0.2,"Silicone Maid LLC Compatible AirPods Strap, Silicone Holder Anti-Lost Strap Wire Case Connector Neckband Compatible Appl"
7920,Automotive,"Automotive, Appliances, Automotive, Appliances, Appliances",0.4,"Alpicool LGCF45 Portable Refrigerator 12 Volt Car Freezer 48 Quart Mini Fridge Freezer for Truck, RV, Vehicle, Travel, O"
7925,Electronics,"Tools_and_Home_Improvement, Tools_and_Home_Improvement, Tools_and_Home_Improvement, Tools_and_Home_Improvement, Tools_and_Home_Improvement",0.0,"Designers Edge Replacement Motion Sensor with Adaptor, Bronze, Designers Edge Replacement Motion Sensor with Adaptor, Br"
7927,Appliances,"Appliances, Toys_and_Games, Automotive, Appliances, Automotive",0.4,"Omnia Premium Accessories Bundle, Our Top 5 Exclusive Add-ons Stovetop Oven A bundle of OMNIAs top exclusive accessories"
7953,Toys_and_Games,"Electronics, Electronics, Electronics, Electronics, Electronics",0.0,"Lexibook Unicorn - Bluetooth CD Player for Kids – Portable, Multicoloured Light Effects, Microphone Jack, Aux-in Jack, A"
7961,Office_Products,"Toys_and_Games, Toys_and_Games, Toys_and_Games, Toys_and_Games, Office_Products",0.2,Beistle New Big Brother Award Ribbon Give the new big brother our new big brother award ribbon! features a blue satin ri
7967,Office_Products,"Office_Products, Tools_and_Home_Improvement, Automotive, Tools_and_Home_Improvement, Tools_and_Home_Improvement",0.2,"Salsbury Industries Double Tier Wide 6-Feet High Deep Tan Unassembled Standard Metal Locker, Brown Salisbury 62000 Serie"
7970,Electronics,"Automotive, Automotive, Automotive, Automotive, Automotive",0.0,RAM MOUNTS Adhesive Stick Base Dash Mount RAM stands for Round-A-Mount and was introduced in 1995. Far and away the most
7981,Toys_and_Games,"Toys_and_Games, Office_Products, Toys_and_Games, Musical_Instruments, Musical_Instruments",0.4,"Nasco Human Body Fat Replica, 5 lb. The grossly dramatic Life/Form(R) replica of five-pounds of human fat is a shocking "
7982,Electronics,"Electronics, Musical_Instruments, Electronics, Musical_Instruments, Tools_and_Home_Improvement",0.4,Bose® SoundDock® Portable Cover - Red The SoundDock Portable cover is custom-designed to protect your system while you p
7994,Musical_Instruments,"Electronics, Electronics, Electronics, Musical_Instruments, Electronics",0.2,"JBL Professional JRX212 Portable 2-way Sound Reinforcement Loudspeaker System, JBL 1-inch polymer diaphragm compression "
7995,Cell_Phones_and_Accessories,"Cell_Phones_and_Accessories, Electronics, Cell_Phones_and_Accessories, Electronics, Electronics",0.4,Poco X4 Pro 5G 128GB 6GB Factory Unlocked (GSM Only | No CDMA - not Compatible with Verizon/Sprint) Global Version - Las
8005,Automotive,"Automotive, Office_Products, Office_Products, Office_Products, Tools_and_Home_Improvement",0.2,3M 1080 CF12 / CFS12 Black Carbon Fiber 60 x120 Vinyl Flex Wrap 3M Wrap Film Series 1080 / 2080 Anything But Ordinary...
8015,Electronics,"Electronics, Office_Products, Office_Products, Electronics, Office_Products",0.4,"The Perfect Dust Cover, White Nylon Cover Compatible with Brother and Brother Compact Digital Color Laser Printers, Anti"
8030,Electronics,"Musical_Instruments, Musical_Instruments, Musical_Instruments, Musical_Instruments, Musical_Instruments",0.0,Anleon MTG100 Tour Guide Wireless System Church System translation equipment simultaneous interpretation equipment (1 Tr
8041,Electronics,"Cell_Phones_and_Accessories, Cell_Phones_and_Accessories, Cell_Phones_and_Accessories, Cell_Phones_and_Accessories, Cell_Phones_and_Accessories",0.0,"Apple MagSafe Battery Pack - Portable Charger with Fast Charging Capability, Power Bank Compatible with iPhone Attaching"
8044,Automotive,"Automotive, Tools_and_Home_Improvement, Automotive, Tools_and_Home_Improvement, Tools_and_Home_Improvement",0.4,Marine Tech Tools Bravo III Bearing Retaining Tool — Replaces — for use on Mercruiser Bravo III Drives 👍 INCLUSION & COM
8084,Musical_Instruments,"Tools_and_Home_Improvement, Tools_and_Home_Improvement, Tools_and_Home_Improvement, Tools_and_Home_Improvement, Tools_and_Home_Improvement",0.0,"EASINE Piano Lamp, Desk Lamp with Built-in Metronome, 72 LED & 30 Lighting Levels Dimmable, Eye-Care Piano Light for Upr"
8093,Electronics,"Automotive, Automotive, Automotive, Electronics, Electronics",0.4,Progressive Dynamics Inteli-Power 9100 Series Converter/Charger - 80 Amp The Inteli-Power 9100 Series is the 12 volt con
8095,Tools_and_Home_Improvement,"Automotive, Automotive, Automotive, Toys_and_Games, Automotive",0.0,"SeaSense Motorbracket 20 Hp - Stainless Steel Universal Universal Motorbracket 15 HP, Stainless Steel, Bulk Corrosion Re"
8103,Toys_and_Games,"Toys_and_Games, Musical_Instruments, Office_Products, Office_Products, Electronics",0.2,dofopo Clear Acrylic Display Case Self Assemble Display Case for Collectibles Acrylic Display Box Alternative Glass Case
8105,Appliances,"Appliances, Appliances, Tools_and_Home_Improvement, Tools_and_Home_Improvement, Tools_and_Home_Improvement",0.4,"COSTWAY Countertop Dishwasher, 6 Place Settings Built-in Dishwasher with 72 H Preserve, Air Dry Function, LED Touch Cont"
8112,Office_Products,"Electronics, Cell_Phones_and_Accessories, Cell_Phones_and_Accessories, Cell_Phones_and_Accessories, Musical_Instruments",0.0,Spirit of St. Louis Field Phone MK2 Product Description Perfect for the actual world traveler—or armchair traveler—this 
8118,Electronics,"Tools_and_Home_Improvement, Tools_and_Home_Improvement, Electronics, Tools_and_Home_Improvement, Tools_and_Home_Improvement",0.2,"TORCHSTAR Computer Monitor LED Lights, Auto-Dimming, CRI 97 Eye-Caring Adjustment LED Screen Light Bar, E-Reading USB Po"
8124,Tools_and_Home_Improvement,"Electronics, Tools_and_Home_Improvement, Electronics, Electronics, Tools_and_Home_Improvement",0.4,"AMPULLA Masdio Horizon Bedside Lamp with 10W Wireless Charger and Bluetooth Speaker, Night Lamp Ambient Lamp with Digita"
8144,Tools_and_Home_Improvement,"Automotive, Automotive, Tools_and_Home_Improvement, Automotive, Automotive",0.2,Bonvoisin Hydraulic Tubing Expander HVAC Swaging Tool Kit with Tube Cutter 7 Expander Heads for 3/8 to 1-1/8 Copper Alum
8149,Electronics,"Automotive, Automotive, Automotive, Automotive, Electronics",0.2,Z Automotive Front Camera Kit - Fits Jeep Wrangler JL - Grille-Mounted Install Kit - Perfect for the Trail or Parking Ea
8170,Tools_and_Home_Improvement,"Tools_and_Home_Improvement, Automotive, Automotive, Tools_and_Home_Improvement, Automotive",0.4,Eiko 1850 5V.09A T3-1/4 Miniature Bayonet Base Halogen Bulbs Eiko's line of original equipment headlamps were designed t
8175,Tools_and_Home_Improvement,"Tools_and_Home_Improvement, Tools_and_Home_Improvement, Automotive, Automotive, Automotive",0.4,80 cu/ft Oxygen Welding Gas Cylinder Tank CGA 540 - EMPTY All HP cylinders come with a 10 year hydrotest date stamped. A
8183,Automotive,"Automotive, Cell_Phones_and_Accessories, Tools_and_Home_Improvement, Cell_Phones_and_Accessories, Automotive",0.4,"Charger Station Box for Tesla Gen 3, Indoor Outdoor Charging Station Protection Box for Tesla, Waterproof Dustproof Wall"
8185,Appliances,"Tools_and_Home_Improvement, Tools_and_Home_Improvement, Tools_and_Home_Improvement, Tools_and_Home_Improvement, Electronics",0.0,Amprobe - TH-1 Compact Probe Style Relative Humidity Meter The Amprobe TH-1 relative humidity (RH) and temperature meter
8202,Tools_and_Home_Improvement,"Automotive, Automotive, Tools_and_Home_Improvement, Office_Products, Tools_and_Home_Improvement",0.4,"Manley 2007 Plier, Black Available with rust-resistant Teflon finish as well as black oxide coating. 5 spring-loaded siz"
8220,Electronics,"Automotive, Automotive, Automotive, Automotive, Automotive",0.0,Legacy Innovations Khaleesi Mother of Dragons Game of Thrones White Decal Vinyl Sticker|Cars Trucks Vans Walls Laptop| W
8222,Tools_and_Home_Improvement,"Electronics, Tools_and_Home_Improvement, Electronics, Toys_and_Games, Electronics",0.2,CXV Manual Welding Mister USB Hub v2.1 Board for Mister FPGA 7 USB Ports Switch lite Grip Manual welding MisTer USB Hub 
8230,Office_Products,"Office_Products, Electronics, Electronics, Electronics, Electronics",0.2,"VisionTechShop GTech Portable Bench Scale, 300lbs Capacity with Dual Range, Reading 0-150 x x Lb/Kg Switchable, NTEP Leg"
8235,Toys_and_Games,"Toys_and_Games, Tools_and_Home_Improvement, Tools_and_Home_Improvement, Tools_and_Home_Improvement, Tools_and_Home_Improvement",0.2,"Replogle Globes Lancaster Illuminated Globe, Antique Ocean, Diameter, Large, Off-White The Lancaster Floor Globe with Il"
8281,Electronics,"Automotive, Electronics, Automotive, Tools_and_Home_Improvement, Electronics",0.4,spartshome 5pcs Generic Full Height Brackets with Screws Replacement for Intel Brackets Fit for Intel Package includes 5
8361,Tools_and_Home_Improvement,"Tools_and_Home_Improvement, Electronics, Electronics, Electronics, Tools_and_Home_Improvement",0.4,Super Screen 60 Inch x 100 Ft Black 17/14 Mesh Super screen is the best value for your dollar. Super Screen is long last
8373,Toys_and_Games,"Toys_and_Games, Tools_and_Home_Improvement, Tools_and_Home_Improvement, Tools_and_Home_Improvement, Tools_and_Home_Improvement",0.2,Diecast Masters 1 50 Caterpillar D9T Track-Type Tractor | High Line Series Cat Trucks & Construction Equipment | 1 50 Sc
8382,Tools_and_Home_Improvement,"Tools_and_Home_Improvement, Office_Products, Automotive, Tools_and_Home_Improvement, Automotive",0.4,"Shoe Covers Disposable 100 Count - 50 Individually Wrapped Pairs - Star Print Protectors for Booties, Shoes - Shoe Cover"
8386,Tools_and_Home_Improvement,"Office_Products, Office_Products, Tools_and_Home_Improvement, Office_Products, Tools_and_Home_Improvement",0.4,Max SuperStapler Medium Crown Stapler From the Manufacturer The medium crown stapler weighs in at only has a rapid fire 
8405,Tools_and_Home_Improvement,"Tools_and_Home_Improvement, Musical_Instruments, Office_Products, Office_Products, Tools_and_Home_Improvement",0.4,"Wood-All Rosewood Wood Veneer Sheet, Flat Cut/Plain Sliced 48x96 A Grade Duraback Duraback offers the stability of a lam"
8427,Electronics,"Electronics, Electronics, Cell_Phones_and_Accessories, Cell_Phones_and_Accessories, Cell_Phones_and_Accessories",0.4,"FeiyuTech SCORP Mini All-in-One Gimbal Stabilizer for Mirrorless Camera, for Gopro Action Camera and for Smartphone, Pay"
8434,Tools_and_Home_Improvement,"Tools_and_Home_Improvement, Automotive, Tools_and_Home_Improvement, Electronics, Electronics",0.4,Vintage White Steel Baseboard Registers - 15 X 12 Outside Dimensions White Powder Coated Steel Gravity Baseboard Vents G
8451,Cell_Phones_and_Accessories,"Toys_and_Games, Cell_Phones_and_Accessories, Toys_and_Games, Toys_and_Games, Toys_and_Games",0.2,"Support Your Local Ranchers Eat Beef Proud Farmer PopSockets Swappable PopGrip Are you a dedicated farm lady, who grows "
8459,Toys_and_Games,"Electronics, Electronics, Electronics, Electronics, Electronics",0.0,"Kano Computer Kit – A Computer Anyone Can Make Product Description Build your own computer. Make lights flash, discover "
8468,Electronics,"Electronics, Electronics, Cell_Phones_and_Accessories, Cell_Phones_and_Accessories, Cell_Phones_and_Accessories",0.4,"for Samsung Galaxy Tab Active 3 Case,Three-in-one Shatter-Resistant Shell, Drop-Proof, Dust-Proof, Degree Rotating Multi"
8472,Tools_and_Home_Improvement,"Automotive, Tools_and_Home_Improvement, Tools_and_Home_Improvement, Automotive, Automotive",0.4,"10' X 10' Firestone RubberGard 45-Mil EPDM Roofing Rubber Based on a high-performance synthetic rubber compound, RubberG"
8485,Toys_and_Games,"Toys_and_Games, Automotive, Automotive, Automotive, Automotive",0.2,6Pcs Vgoohobby Hard Steel Front Rear CVD Drive Shaft Transmission Axle Upgrade Parts Compatible with Traxxas E-Revo 2.0 
8493,Electronics,"Electronics, Electronics, Office_Products, Office_Products, Office_Products",0.4,"Wacom Flex Arm The Wacom flex arm with cable management delivers flexibility, Design and comfort. Incline, pan and rotat"
8494,Tools_and_Home_Improvement,"Tools_and_Home_Improvement, Toys_and_Games, Appliances, Tools_and_Home_Improvement, Appliances",0.4,Jacuzzi RapidHeat In-Line Heater For Whirlpools From the Manufacturer Jacuzzi RapidHeat In-Line Heater For Whirlpools # 
8515,Office_Products,"Tools_and_Home_Improvement, Tools_and_Home_Improvement, Tools_and_Home_Improvement, Tools_and_Home_Improvement, Tools_and_Home_Improvement",0.0,WoodRiver Deluxe Pen Press Quick and easy adjustments Ability to press parts two ways Convenience of micro adjustments f
8530,Tools_and_Home_Improvement,"Automotive, Tools_and_Home_Improvement, Automotive, Automotive, Automotive",0.2,"Ll Building Products Internally Braced Turbine Ventilator, 14 Permanently lubricated track system, upper and lower stain"
8547,Electronics,"Cell_Phones_and_Accessories, Electronics, Cell_Phones_and_Accessories, Cell_Phones_and_Accessories, Electronics",0.4,"Magglass Custom Screen Protector for Lifeproof Nuud Case (iPad Air 2) Tempered Glass Only, Case Not Included The Lifepro"
8553,Electronics,"Automotive, Automotive, Automotive, Automotive, Automotive",0.0,"GM Genuine Parts OnStar, Digital Radio, Mobile Telephone, and GPS Navigation Roof Mounted Antenna An ACDelco GM Original"
8566,Musical_Instruments,"Electronics, Electronics, Electronics, Electronics, Electronics",0.0,Audio-Technica Dual Moving Coil Cartridge with Bonded Elliptical Stylus The dual moving coil cartridge with bonded ellip
8577,Musical_Instruments,"Musical_Instruments, Electronics, Electronics, Electronics, Electronics",0.2,Crown Pro 900w 2 Channel DJ/PA Power Amplifier Professional Amp XLI 1500 Bundle with Rockville RockShip 50 Watt Portable
8578,Musical_Instruments,"Tools_and_Home_Improvement, Tools_and_Home_Improvement, Automotive, Automotive, Tools_and_Home_Improvement",0.0,MBT Lighting LED Lighting PARdelite 64 RGB MBT Lighting LED Lighting PARdelite 64 RGB Package Dimensions 35.814 cms (L) 
8591,Tools_and_Home_Improvement,"Office_Products, Office_Products, Automotive, Office_Products, Office_Products",0.0,.125 Gray Screen Retainer Spline - 100 Foot Roll Also Available in a Bulk 15 Pound Roll This Screen Retainer Spline is a
8622,Tools_and_Home_Improvement,"Office_Products, Office_Products, Office_Products, Office_Products, Office_Products",0.0,"Manton Cork Roll, 100% Natural, 4' x 12' x 1/4 *FREE SHIPPING* (throughout the Contiguous United States). Additional shi"
8625,Office_Products,"Electronics, Electronics, Electronics, Electronics, Electronics",0.0,"Intercoms For Home, Intercoms Working Distance 200m Strong Signal Clear Communication Suitable For Offices, Hotel, Wareh"
8629,Cell_Phones_and_Accessories,"Cell_Phones_and_Accessories, Electronics, Electronics, Office_Products, Electronics",0.2,iFixit Battery Compatible with iPhone 7 This new Replacement Battery compatible with iPhone 7 is what you need to bring 
8631,Tools_and_Home_Improvement,"Tools_and_Home_Improvement, Automotive, Automotive, Automotive, Tools_and_Home_Improvement",0.4,"Tie Down Engineering 59095N Iron Root Double Head Double Helix Earth Anchor - 3/4 D x 30 L x (2) 4 Helix, Class 2 All Ti"
8632,Tools_and_Home_Improvement,"Electronics, Electronics, Electronics, Electronics, Electronics",0.0,9489 POWERPACK ASSY PELICAN It all began in 1976 with a hundred feet of twine around a hockey stick handle and a metal w
8647,Electronics,"Automotive, Automotive, Electronics, Automotive, Electronics",0.4,PROG DYNAMIC Progressive Dynamics 60 Amp Replacement Converter Section Only The Inteli-Power 4000 Series is the industry
8649,Automotive,"Tools_and_Home_Improvement, Automotive, Tools_and_Home_Improvement, Office_Products, Automotive",0.4,"Griot's Garage B130F3 3 Perfecting Foam Pad This a medium firmness, multi-purpose foam pad designed for use with BOSS Pe"
8654,Automotive,"Tools_and_Home_Improvement, Automotive, Tools_and_Home_Improvement, Tools_and_Home_Improvement, Tools_and_Home_Improvement",0.2,"ICT Billet LS LT Crank Pin Kit LS1 LT1 LQ4 LS3 LSX Crankshaft Damper Drill Pinning Fixture Tool 551917 Includes, drill s"
8680,Tools_and_Home_Improvement,"Automotive, Office_Products, Tools_and_Home_Improvement, Tools_and_Home_Improvement, Automotive",0.4,"Black Stallion 30 DuraLite Prem.Pigskin Welding DuraLite Premium Grain Pigskin Welding Jacket, Black is a 30 length prem"
8691,Tools_and_Home_Improvement,"Electronics, Automotive, Automotive, Tools_and_Home_Improvement, Office_Products",0.2,"Bosch Professional Stud Finder GMS 120 (Drill hole marker, max. detection depth wood/magnetic metal/non-magnetic metal/l"
8693,Tools_and_Home_Improvement,"Tools_and_Home_Improvement, Tools_and_Home_Improvement, Toys_and_Games, Office_Products, Office_Products",0.4,"TFKitchens 5/8 inch Russian Birch Plywood Shelf 24 x 36 Inches (Pack of 2), 24D36W Please read the SIZE and the PRICES o"
8698,Automotive,"Automotive, Tools_and_Home_Improvement, Tools_and_Home_Improvement, Automotive, Tools_and_Home_Improvement",0.4,"Vantage Point Above The Clouds Rear Window Graphic The rear window decal is made of perforated vinyl, allowing the drive"
8708,Toys_and_Games,"Toys_and_Games, Electronics, Tools_and_Home_Improvement, Tools_and_Home_Improvement, Electronics",0.2,Thames & Kosmos The Amazing Tightrope-Walking Gyrobot STEM Experiment Kit | Build a Robot that Walks on Narrow Surfaces 
8716,Office_Products,"Automotive, Office_Products, Automotive, Office_Products, Tools_and_Home_Improvement",0.4,72 Frybread Banner Sign Fresh hot Bakery Indian Fry Bread Fried Navajo This Fry bread Banner is a great way to advertise
8719,Tools_and_Home_Improvement,"Appliances, Appliances, Tools_and_Home_Improvement, Tools_and_Home_Improvement, Appliances",0.4,"Duke 512852 Oven Thermostat Product Description Oven Thermostat, Duke Manufacturing develops solutions for the commercia"
8726,Electronics,"Tools_and_Home_Improvement, Cell_Phones_and_Accessories, Cell_Phones_and_Accessories, Office_Products, Electronics",0.2,"Anker Power Strip with USB C, PowerCube with 3 Outlets & 30W USB C,5ft Extension Cord, Power Delivery High-Speed Chargin"
8731,Tools_and_Home_Improvement,"Musical_Instruments, Musical_Instruments, Musical_Instruments, Musical_Instruments, Tools_and_Home_Improvement",0.2,Ridgid 27048 K-400 Drum Assembly Product Description This item is 27048 K-400 DRUM ASSEMBLY. This product is used for do
8741,Office_Products,"Office_Products, Cell_Phones_and_Accessories, Cell_Phones_and_Accessories, Office_Products, Electronics",0.4,Mitel IP 480G Gigabit Telephone - Newest Version ShoreTel 480G Plunge into any horizon using the steadfast guidance of t
8748,Tools_and_Home_Improvement,"Tools_and_Home_Improvement, Automotive, Electronics, Automotive, Tools_and_Home_Improvement",0.4,3/16 inch Black Dacron Polyester Rope - 500 Foot Spool | Solid Braid - Industrial Grade - High UV and Abrasion Resistanc
8749,Tools_and_Home_Improvement,"Tools_and_Home_Improvement, Automotive, Electronics, Automotive, Electronics",0.2,ZUPAYIPA Pack of 10 pcs 500mA F0.5AL Fast-Blow Fuse 0.5A 250V Glass Fuses 0.23 x 1.18 inch / 6 x 30 mm Please confirm th
8771,Tools_and_Home_Improvement,"Electronics, Musical_Instruments, Musical_Instruments, Tools_and_Home_Improvement, Office_Products",0.2,"Wall Control Pegbrd Hole/Slotted,Silver Pegboard Panel, Panel Hole Shape Round and Slotted, Overall Height 32 in, Overal"
8785,Tools_and_Home_Improvement,"Musical_Instruments, Tools_and_Home_Improvement, Musical_Instruments, Musical_Instruments, Tools_and_Home_Improvement",0.4,"Boat Dash Panel Blanks, Oxford Burl Boat Instrument Panel Blanks / 24 x 48 x 3/16” Decorative Plastic Sheets Sheet size "
8801,Automotive,"Automotive, Tools_and_Home_Improvement, Tools_and_Home_Improvement, Tools_and_Home_Improvement, Tools_and_Home_Improvement",0.2,Steck Manufacturing 20014C Stud Lever Combo A strong reinforced Nylon lever with pivoting base and self-locking stud cap
8815,Automotive,"Tools_and_Home_Improvement, Automotive, Tools_and_Home_Improvement, Automotive, Tools_and_Home_Improvement",0.4,RecPro RV Exit Window 30 W x 22 H Optional Trim | RV Window Replacement (No Trim Ring) | Made in USA Details Overall dim
8841,Tools_and_Home_Improvement,"Electronics, Electronics, Electronics, Electronics, Electronics",0.0,Custom Leathercraft A233 39 Pocket Tech Gear Stereo Speaker Mega Mouth Tool Bag Product Description Custom Leathercraft 
8870,Toys_and_Games,"Office_Products, Office_Products, Toys_and_Games, Tools_and_Home_Improvement, Office_Products",0.2,LINDNER Original Coin Box for Certified Coins with Red Velour LINDNER's Top Quality Coin Boxes are Made in Germany to Of
8871,Tools_and_Home_Improvement,"Automotive, Automotive, Automotive, Appliances, Automotive",0.0,Intex 25002 Set of Air Release Valves with O Rings for Filter Pumps (4 Pack) OEM Replacement Parts for Intex pools and e
8874,Electronics,"Electronics, Cell_Phones_and_Accessories, Musical_Instruments, Musical_Instruments, Cell_Phones_and_Accessories",0.2,"Multifunctional Strap Universal Camera Shoulder Neck Strap Belt Sling Lanyard for CYNOVA Drone RC Tablet Holder, Fit for"
8876,Office_Products,"Electronics, Electronics, Electronics, Electronics, Electronics",0.0,"Battery for VeriFone VX670, vx670 Wireless Credit Card Machine Battery Compatible with VeriFone VX520, VX670, vx670 Wire"
8902,Tools_and_Home_Improvement,"Tools_and_Home_Improvement, Tools_and_Home_Improvement, Electronics, Electronics, Electronics",0.4,"RHM Northern Lights Projector, 3 in 1 Galaxy Star Projector Aurora Borealis Projector Night Light with Music Speaker, Ti"
8940,Toys_and_Games,"Automotive, Automotive, Automotive, Automotive, Automotive",0.0,American Muscle Enclosed Trailer (White w/Silver) 1 18 Scale Die-Cast Model Enclosed trailers are found coast-to-coast. 
8969,Tools_and_Home_Improvement,"Cell_Phones_and_Accessories, Cell_Phones_and_Accessories, Cell_Phones_and_Accessories, Cell_Phones_and_Accessories, Cell_Phones_and_Accessories",0.0,Mobile Phone Cradle Perfect for eliminating countertop clutter and creating a more functional kitchen counter space. The
8974,Office_Products,"Automotive, Automotive, Tools_and_Home_Improvement, Toys_and_Games, Office_Products",0.2,Fastasticdeals Rent Me Promotion Business Car Door Magnets Magnetic Signs 24x12 Inches Set of 2 Car Magnets Industrial S
8984,Office_Products,"Office_Products, Office_Products, Electronics, Electronics, Electronics",0.4,"HP iPAQ h1945 with iPAQ Bluetooth GPS Navigation System Kit From the Manufacturer The thin, light, and affordable hp iPA"
8990,Tools_and_Home_Improvement,"Office_Products, Electronics, Tools_and_Home_Improvement, Office_Products, Electronics",0.2,"Kongwal Sneeze Guard Clamp Bracket, Desk Partition Clamp Support for 1/8 to 1 Thick Acrylic Panels, Aluminum Adjustable "
8995,Tools_and_Home_Improvement,"Tools_and_Home_Improvement, Toys_and_Games, Toys_and_Games, Tools_and_Home_Improvement, Automotive",0.4,"VEVOR 26 Pack Metal Spindles, 32.25 x1 Deck Balusters, 32.25, Black High-quality Iron Material Our deck balusters are co"
9000,Tools_and_Home_Improvement,"Tools_and_Home_Improvement, Office_Products, Office_Products, Office_Products, Electronics",0.2,"Goplus 48” Workbench with Casters, Mobile Adjustable Work Bench for Garage, Load Capacity Heavy Duty Bamboo Wood Top Wor"
9001,Tools_and_Home_Improvement,"Tools_and_Home_Improvement, Tools_and_Home_Improvement, Office_Products, Musical_Instruments, Automotive",0.4,"SITAKOR Carpet Stair Treads for Wooden Steps Indoor, Non Slip Bullnose Carpet for Stairs Set of 15, Stair Carpet Treads "
9019,Electronics,"Electronics, Electronics, Musical_Instruments, Tools_and_Home_Improvement, Tools_and_Home_Improvement",0.4,"Neewer 18.3” RGB LED Video Light Panel with App Control Stand Kit 2 Packs, 360° Full Color, 60W Dimmable RGB LED Panel C"
9026,Tools_and_Home_Improvement,"Automotive, Tools_and_Home_Improvement, Tools_and_Home_Improvement, Automotive, Automotive",0.4,"Samhome Spray Paint Racks, Door Painting Brackets, Spray Paint Magic Racks, Stacking System Easily Painting/Drying Inter"
9043,Toys_and_Games,"Toys_and_Games, Office_Products, Office_Products, Toys_and_Games, Office_Products",0.4,Leapblue Original Tarot-Cards with-Guidebook for-Beginners - Waterproof PVC Holographic 78 Classic Tarot Deck Set Fortun
9050,Automotive,"Tools_and_Home_Improvement, Tools_and_Home_Improvement, Automotive, Tools_and_Home_Improvement, Electronics",0.2,Spal 11 Dual Paddle Blade High Performance Fan * 11 P/12V 11 Paddle Blade High Performance Fan / 12V Puller From our hig
9061,Tools_and_Home_Improvement,"Electronics, Electronics, Cell_Phones_and_Accessories, Electronics, Electronics",0.0,Diversitech DTP-3 Digital Motor Protector This DiversiTech® DTP-3 Digital Motor Protector offers continuous protection a
9063,Electronics,"Automotive, Automotive, Electronics, Automotive, Musical_Instruments",0.2,MB Quart 400 Watt Stage 2 Polaris RZR Tuned ATV Subwoofer System Upgrade your UTV sound system and create powerful sound
9068,Tools_and_Home_Improvement,"Automotive, Automotive, Musical_Instruments, Musical_Instruments, Automotive",0.0,Seal Spray Foam High Performance Closed Cell Insulating Foam Can Kit w/Gun Foam Applicator and 1 Can of Cleaner (600 Boa
9094,Office_Products,"Tools_and_Home_Improvement, Tools_and_Home_Improvement, Tools_and_Home_Improvement, Tools_and_Home_Improvement, Tools_and_Home_Improvement",0.0,"Fluorescent Green Neon Sign Vinyl, Inch X 10 Feet can be cut with computer controlled vinyl cutters. also can be cut wit"
9096,Office_Products,"Automotive, Office_Products, Tools_and_Home_Improvement, Office_Products, Tools_and_Home_Improvement",0.4,Omnimed 183005 Refrigerator Box Locker Omnimed acrylic refrigerator lock boxes are designed for the storage of insulin o
9114,Toys_and_Games,"Tools_and_Home_Improvement, Toys_and_Games, Tools_and_Home_Improvement, Tools_and_Home_Improvement, Tools_and_Home_Improvement",0.2,Master Airscrew 7x4 Performance Propeller - Normal/Tractor/CCW R/C Model airplane propellers specially developed for the
9125,Electronics,"Musical_Instruments, Electronics, Musical_Instruments, Electronics, Musical_Instruments",0.4,"Pc Accessories - 18P 5 Feet IDC Type Flat Ribbon Cable for 2.54mm Pitch Connectors, 18 Wire, 18C 5-Ft Pack Standard 1.27"
9160,Office_Products,"Tools_and_Home_Improvement, Tools_and_Home_Improvement, Tools_and_Home_Improvement, Tools_and_Home_Improvement, Electronics",0.0,GlassOfVenice Murano Glass Letter Opener - Gold Red Stripes AUTHENTIC High quality authentic Murano Glass hand-made in V
9164,Automotive,"Automotive, Automotive, Tools_and_Home_Improvement, Toys_and_Games, Tools_and_Home_Improvement",0.4,Abbey Road Star Wars Car Air Freshener (Funny/Fun Xmas Christmas Stocking Filler/Secret Santa/Novelty Scented Gift) AAF 
9171,Tools_and_Home_Improvement,"Electronics, Tools_and_Home_Improvement, Office_Products, Automotive, Automotive",0.2,"Marinco 6083CR Marine FD Box for 15, 20, 30, and 50-Amp Receptacles, and 7420CR and 7788CR Covers (Two 3/4 Knockout Hole"
9180,Cell_Phones_and_Accessories,"Tools_and_Home_Improvement, Tools_and_Home_Improvement, Automotive, Electronics, Electronics",0.0,DDONG PLUS for wt130 Battery Replacement ta1226 Replacement Battery for Cricket Nokia C2 Tennen Nokia C2 Tava Replacemen
9189,Automotive,"Tools_and_Home_Improvement, Tools_and_Home_Improvement, Automotive, Tools_and_Home_Improvement, Tools_and_Home_Improvement",0.2,Solarhome HB600 Battery Charger 24V 25A Signet 66412 96211 105739 161827 128537 Compatible with Genie Skyjack JLG Scisso
9192,Tools_and_Home_Improvement,"Musical_Instruments, Musical_Instruments, Electronics, Electronics, Electronics",0.0,Sordin Supreme PRO X - High Visibility Active Electronic Hearing Protection - Leather Band and Orange Cups Sordin Suprem
9202,Appliances,"Tools_and_Home_Improvement, Appliances, Tools_and_Home_Improvement, Electronics, Tools_and_Home_Improvement",0.2,EZ FAUX DECOR Peel & Stick Faux Stainless Steel | Refrigerator Wrap | Cover for Dishwashers & Appliances | Self Adhesive
9220,Automotive,"Automotive, Tools_and_Home_Improvement, Electronics, Tools_and_Home_Improvement, Automotive",0.4,Decal Sticker Vinyl Side Wavy Finishing Stripe Kit Compatible with Dodge Challenger (Black) 2 Decals (1 for the Left and
9244,Electronics,"Tools_and_Home_Improvement, Tools_and_Home_Improvement, Tools_and_Home_Improvement, Tools_and_Home_Improvement, Tools_and_Home_Improvement",0.0,Impact VA903 Five Lamp Fluorescent Cool Light - The Impact Five Lamp Fluorescent Cool Light accepts screw-in fluorescent
9255,Tools_and_Home_Improvement,"Automotive, Tools_and_Home_Improvement, Automotive, Automotive, Tools_and_Home_Improvement",0.4,New Pig Roof Leak Diverter Tarp Kit - Umbrella-Style Leak Diverter - 30 x 30 - Clear - Easily hang a 30 x 30 Umbrella-St
9263,Tools_and_Home_Improvement,"Office_Products, Electronics, Office_Products, Office_Products, Office_Products",0.0,magicJack Plus magicJackTM Plus can be used with or without a computer - it’s the customer’s choice. Each magicJackTM Pl
9265,Electronics,"Automotive, Tools_and_Home_Improvement, Tools_and_Home_Improvement, Tools_and_Home_Improvement, Tools_and_Home_Improvement",0.0,"Marine Plug Straight Adapter, 15A 125V Male to 30A 125V Female This Marine Plug Straight Adapter is a handy solution to "
9268,Toys_and_Games,"Toys_and_Games, Automotive, Toys_and_Games, Tools_and_Home_Improvement, Tools_and_Home_Improvement",0.4,SHENGLE 2 Pcs 550 12 Volt Electric Motor High Speed RS550 12V Motor Gearbox Accessories for Kids Ride On Car Power Wheel
9274,Electronics,"Tools_and_Home_Improvement, Tools_and_Home_Improvement, Tools_and_Home_Improvement, Automotive, Tools_and_Home_Improvement",0.0,Platinum Tools Connectors (Jar of 100) - The Platinum is a Cat 5/5e Connector that simplifies twisted pair terminations 
9282,Musical_Instruments,"Musical_Instruments, Electronics, Musical_Instruments, Toys_and_Games, Electronics",0.4,"Happybuy Inches DJ Facade Table Station, DJ Booth Flat Table Top 20x40 Inch, Adjustable DJ Event Facade with White & Bla"
9312,Office_Products,"Toys_and_Games, Toys_and_Games, Toys_and_Games, Toys_and_Games, Toys_and_Games",0.0,"I Love to Sing in Korean, Press and Play Interactive Song Book and Musical Toy, korean books for toddlers, korean baby b"
9317,Electronics,"Automotive, Automotive, Automotive, Cell_Phones_and_Accessories, Automotive",0.0,TalentCell 12V 6Ah Battery Pack 2000 Cycles Rechargeable 12.8V 76.8Wh Lithium Iron Phosphate Battery with 14.6V Charger 
9327,Musical_Instruments,"Musical_Instruments, Tools_and_Home_Improvement, Tools_and_Home_Improvement, Tools_and_Home_Improvement, Tools_and_Home_Improvement",0.2,"Piano Tuning Kit - Professional Piano Tuning Hammer Lever + Mute Kit The piano tuning kit is ideal for an apprentice, or"
9334,Electronics,"Electronics, Musical_Instruments, Musical_Instruments, Musical_Instruments, Musical_Instruments",0.2,Audio-Technica USB Gaming Desktop Microphone Looking for a high-quality gaming microphone? The Audio-Technica USB Gaming
9349,Office_Products,"Toys_and_Games, Toys_and_Games, Toys_and_Games, Toys_and_Games, Toys_and_Games",0.0,"Baker Ross Star Hero Gliders (Pack of 8) for Kids Party Bag Fillers and Toys, AF534 Take to the skies with these Star He"
9365,Musical_Instruments,"Musical_Instruments, Tools_and_Home_Improvement, Tools_and_Home_Improvement, Tools_and_Home_Improvement, Musical_Instruments",0.4,"Denis Wick SM3U Silver-Plated Euphonium Mouthpiece, Mead Ultra model Denis Wick SM3U Silver-Plated Euphonium Mouthpiece,"
9367,Electronics,"Automotive, Automotive, Automotive, Automotive, Automotive",0.0,"Whelen Orion 600 Wingtip PTA Red, 28VDC, The Series of FAA/TSO approved LED aviation lighting incorporates the latest st"
9385,Appliances,"Tools_and_Home_Improvement, Tools_and_Home_Improvement, Tools_and_Home_Improvement, Appliances, Tools_and_Home_Improvement",0.2,CAFE 24 Matte Collection Built-In Dishwasher with 16 Place Settings Ultra-Wash and Dry Cafe Matte Collection Series 24 I
9387,Office_Products,"Office_Products, Tools_and_Home_Improvement, Automotive, Tools_and_Home_Improvement, Office_Products",0.4,"visvold Fingerprint Time Clocks for Employees Small Business with Face Recognition,Finger Scan,Password, NO Monthly Fees"
9405,Electronics,"Office_Products, Office_Products, Office_Products, Office_Products, Office_Products",0.0,"MobileRep RepRoller, Mobile Office and Sales cart Stay Organized with a Mobile Office Cart Carry supplies and equipment "
9408,Electronics,"Tools_and_Home_Improvement, Musical_Instruments, Electronics, Electronics, Musical_Instruments",0.4,"Grizzly SHILOH Photography, Video and Camera Pouch for Memory Card SD &CF, Battery, USB, AA and AAA Batteries, Battery P"
9418,Automotive,"Automotive, Tools_and_Home_Improvement, Tools_and_Home_Improvement, Automotive, Tools_and_Home_Improvement",0.4,Sierra ATO Fuse - 3 Amp ATO 3 Amp Fuse Violet 5 Pack Fuses are critical for safety. They provide protection from electri
9419,Musical_Instruments,"Electronics, Musical_Instruments, Tools_and_Home_Improvement, Cell_Phones_and_Accessories, Musical_Instruments",0.4,HogoR Xvive U4R Wireless in-Ear Monitoring System | Beltpack Receiver | 107 Db Signal to Noise Ratio | 5 Hours Battery |
9444,Electronics,"Electronics, Electronics, Tools_and_Home_Improvement, Tools_and_Home_Improvement, Tools_and_Home_Improvement",0.4,"2 Pack RGB Led Video Light Stick Wand, Obeamiu Photography Lighting, Rechargeable Battery, 21 Lights Effect for Video Co"
9462,Toys_and_Games,"Toys_and_Games, Electronics, Tools_and_Home_Improvement, Toys_and_Games, Tools_and_Home_Improvement",0.4,Interactive Globe for Kids Learning 9 Inchs Illuminated Night Light Built-in LED Decor 720° Rotation Educational Globes 
9468,Cell_Phones_and_Accessories,"Electronics, Electronics, Cell_Phones_and_Accessories, Electronics, Cell_Phones_and_Accessories",0.4,"Smartphone Video Rig with Light, GVM 2 Packs LED Rig Light Selfie Light Stabilizer with Bluetooth Control Handheld Porta"
9474,Automotive,"Automotive, Cell_Phones_and_Accessories, Cell_Phones_and_Accessories, Cell_Phones_and_Accessories, Automotive",0.4,"Sprint Booster Performance Upgrade Power Converter, 1 Pack Sprint Booster V3 for Select 2004 - 2016 Ford C-MAX, Edge, Es"
9520,Automotive,"Automotive, Automotive, Electronics, Tools_and_Home_Improvement, Electronics",0.4,MSD 32939 8.5mm Super Conductor Spark Plug Wire Set The MSD 8.5 Mm super conductor wire is the performance wire. Enginee
9523,Tools_and_Home_Improvement,"Tools_and_Home_Improvement, Electronics, Cell_Phones_and_Accessories, Office_Products, Electronics",0.2,"Legrand Radiant 20A, Self-Test GFCI Outlet, Weather-Resistant, Tamper-Resistant, Gray Weather-resistant meets national e"
9529,Tools_and_Home_Improvement,"Electronics, Electronics, Electronics, Electronics, Electronics",0.0,LINKOMM RJ45 Cat6 End-Pass-Through Ethernet UTP Unshielded Modular Plug LINKOMM End-Pass-Through Ethernet UTP Unshielded
9534,Office_Products,"Electronics, Musical_Instruments, Tools_and_Home_Improvement, Musical_Instruments, Electronics",0.0,Tarifold Catalog Rack Starter Kits - 6 Sections - Black Great for storing & organizing large capacity catalogs and punch
9542,Electronics,"Electronics, Musical_Instruments, Musical_Instruments, Musical_Instruments, Musical_Instruments",0.2,Rockville (4) 6x9 2000w Waterproof Marine Boat Speakers 2-Way White Price is for (2) Pairs of Rockville 6x9 Waterproof M
9570,Electronics,"Tools_and_Home_Improvement, Electronics, Tools_and_Home_Improvement, Tools_and_Home_Improvement, Electronics",0.4,"LORADAR 5Pack Laptop Cable Lock Hardware Security Cable Lock Anti Theft 5Keys 6.7Ft Compatible for Laptops, iMac,Out Doo"
9577,Musical_Instruments,"Tools_and_Home_Improvement, Tools_and_Home_Improvement, Tools_and_Home_Improvement, Musical_Instruments, Tools_and_Home_Improvement",0.2,"Tawelun 14R 295W Beam Stage Moving Head Light, DMX512 Channel Control, 14 Gobos and 14 Colors with Seven Color Effect fo"
9594,Office_Products,"Tools_and_Home_Improvement, Office_Products, Electronics, Office_Products, Tools_and_Home_Improvement",0.4,"Lorell Hospitality Bentwood Table Top, High Pressure Laminate (HPL),Mahogany As part of the Lorell Hospitality Table Col"
9622,Tools_and_Home_Improvement,"Automotive, Automotive, Automotive, Electronics, Automotive",0.0,"E Track Tiedown Adapter Strap 3,500 lb. Capacity Tie Downs USA - 20 Pack SPRING E ADAPTER STRAP - **These adapter tie do"
9638,Appliances,"Tools_and_Home_Improvement, Tools_and_Home_Improvement, Tools_and_Home_Improvement, Tools_and_Home_Improvement, Tools_and_Home_Improvement",0.0,EFIELD Premium Stainless Steel Dishwasher Hose - 6 FT Length Burst Proof Water Supply Hose 3/8 comp x 3/8 comp with atta
9652,Automotive,"Tools_and_Home_Improvement, Tools_and_Home_Improvement, Tools_and_Home_Improvement, Tools_and_Home_Improvement, Tools_and_Home_Improvement",0.0,"CASOMAN 1/2- Inch Drive Wheel Protector Impact Socket, 1/2 Thin Wall Deep Impact Socket Set Plastic Sleeve Lug Nut, 4 Pi"
9657,Toys_and_Games,"Toys_and_Games, Electronics, Electronics, Automotive, Automotive",0.2,Venom Sport Power 40C 2S 7.4V LiPo Battery Roar with Universal Plug x2 Packs Get superior performance from your remote-c
9690,Electronics,"Electronics, Electronics, Toys_and_Games, Cell_Phones_and_Accessories, Toys_and_Games",0.4,"2-Pack AKWOX Remote Case for Roku Express 3930 Premiere+ 3920, Streaming Remote Control, Shockproof Silicone Cover- Blac"
9692,Musical_Instruments,"Musical_Instruments, Electronics, Electronics, Electronics, Musical_Instruments",0.4,CELESTION TF0615 6-Inch Mirange Power Amplifier CELESTION T5889 6 OPEN BACK MIDBASS Celestion 6 MIRANGE 6 MID RANGE Item
9718,Tools_and_Home_Improvement,"Electronics, Electronics, Electronics, Electronics, Electronics",0.0,"Safeguard Supply Fire Alarm Bell - 6 Ringing Bell - 12 Volt DC Bell Can Be Used As an Extra Loud Doorbell, Chime Alarm O"
9725,Office_Products,"Tools_and_Home_Improvement, Tools_and_Home_Improvement, Automotive, Tools_and_Home_Improvement, Tools_and_Home_Improvement",0.0,"Wedge-It The Ultimate Door Stop - Black 12 Pack Wedge-it is the worlds most versatile, portable, temporary, light weight"
9740,Tools_and_Home_Improvement,"Tools_and_Home_Improvement, Automotive, Tools_and_Home_Improvement, Automotive, Electronics",0.4,Elefly 20V Lithium Battery Charger Compatible with Black & Decker 20V Lithium Battery LBXR20 LBX20 LB20 Charger Replacem
9800,Electronics,"Automotive, Automotive, Automotive, Automotive, Automotive",0.0,Mopar Genuine - Guard Kit Light BRAND NEW AND MOPAR GENUINE THIS OEM FACTORY NEW SET OF SATIN BLACK TAIL LAMP GUARDS IS 
9809,Musical_Instruments,"Musical_Instruments, Tools_and_Home_Improvement, Tools_and_Home_Improvement, Tools_and_Home_Improvement, Tools_and_Home_Improvement",0.2,RSN LED Lighting Bar 18W 19.7in IP65 Waterproof 2 Years Warranty (Green) Waterproof led wall washer light for architectu
9832,Automotive,"Musical_Instruments, Automotive, Automotive, Electronics, Tools_and_Home_Improvement",0.4,"United Pacific 31376 ULTRALIT 4in x 6in Crystal Projection Headlight w/6 White LED Position Light, Reinforced Aluminum R"
9846,Toys_and_Games,"Toys_and_Games, Electronics, Automotive, Electronics, Tools_and_Home_Improvement",0.2,COMPLETE SELECTION MODIFICATION FAIZGEAR – 1 x Mission Memory. 1 x Faiz Phone. 1 x Belt Buckle. 1 x Faiz Pointer. 1 x Fa
9850,Electronics,"Toys_and_Games, Toys_and_Games, Toys_and_Games, Cell_Phones_and_Accessories, Automotive",0.0,Animal Face 3D Animals Tiger 2 Backpack 3D Deep Stereographic Felt Fabric The Animal Face backpack is the new arrival fa
9856,Cell_Phones_and_Accessories,"Cell_Phones_and_Accessories, Electronics, Electronics, Cell_Phones_and_Accessories, Electronics",0.4,Samsung Galaxy S9 64GB Dual SIM Factory Unlocked - International Stock No Warranty (Sunrise Gold) *** FREE 64GB microSD 
9865,Cell_Phones_and_Accessories,"Electronics, Cell_Phones_and_Accessories, Cell_Phones_and_Accessories, Electronics, Electronics",0.4,"AGM H5 Pro Rugged Smartphone (2023 Upgraded), Rugged Phone, Rugged Smartphone Unlocked 109dB Loudest Speaker Battery, 6."
9880,Automotive,"Automotive, Cell_Phones_and_Accessories, Electronics, Electronics, Electronics",0.2,Metra Single DIN Installation Kit with Pocket for Kia Spectra Metra Single DIN Installation Kit w/ Pocket for Kia Spectr
9884,Cell_Phones_and_Accessories,"Electronics, Electronics, Toys_and_Games, Electronics, Electronics",0.0,"Zhiyun Crane M3S Camera Gimbal Stabilizer for Mirrorless Camera,Smartphone,Action Camera Miniature Marvel & Installation"
9906,Electronics,"Tools_and_Home_Improvement, Tools_and_Home_Improvement, Electronics, Tools_and_Home_Improvement, Tools_and_Home_Improvement",0.2,"Leviton QuickPort F-Type Adapter, Nickel-Plated, Ivory Product Description F-CONNECTOR, FEED-THROUGH TYPE; HIGH IMPACT P"
9916,Tools_and_Home_Improvement,"Tools_and_Home_Improvement, Automotive, Tools_and_Home_Improvement, Automotive, Automotive",0.4,Base Shoe for Iron Balusters (Contractor Pack of 10) Flat Shoes with Set Screw for use with 1/2 Square Scroll Basket Twi
9921,Tools_and_Home_Improvement,"Automotive, Automotive, Tools_and_Home_Improvement, Automotive, Tools_and_Home_Improvement",0.4,Minneapolis Moline Prairie Gold 2 Tractor Paint Gallon Minneapolis Moline models tractor & implement enamel is a premium
9923,Tools_and_Home_Improvement,"Tools_and_Home_Improvement, Musical_Instruments, Electronics, Musical_Instruments, Musical_Instruments",0.2,RYOBI Large Open Tote (Single) The Ryobi Large Open Tote is ideal for storing and transporting your tool collection. Fea
9940,Musical_Instruments,"Toys_and_Games, Electronics, Electronics, Musical_Instruments, Tools_and_Home_Improvement",0.2,UDG Ultimate Digi Trolley To Go for Digital DJ Gear The UDG Ultimate Digi Trolley To Go constructed with a solid body st
9946,Musical_Instruments,"Musical_Instruments, Musical_Instruments, Tools_and_Home_Improvement, Office_Products, Tools_and_Home_Improvement",0.4,"SONGMICS Wooden Duet Piano Bench with Padded Cushion and Music Storage Compartment, Piano Chair Seat, Black Featuring co"
9947,Tools_and_Home_Improvement,"Tools_and_Home_Improvement, Toys_and_Games, Toys_and_Games, Automotive, Tools_and_Home_Improvement",0.4,"Foredom SR Flex Shaft, 115v 1/6 hp 18,000 Max. RPM Foredom SR Flex Shaft, 115v 1/6 hp 18,000 Max. rpm FOREDOM SR MOTOR F"
9970,Tools_and_Home_Improvement,"Tools_and_Home_Improvement, Appliances, Tools_and_Home_Improvement, Automotive, Appliances",0.4,"Rheem Commercial Electric Transformer with Jumper Small Product Description Rheem is a leading provider of gas furnaces,"
9990,Toys_and_Games,"Toys_and_Games, Musical_Instruments, Office_Products, Office_Products, Electronics",0.2,22 L x 9 3/4 W x 7 H inch Pocher 1/8 Acrylic Display Case Showcase w/Wood Base for 1 8 Model Custom size orders are alwa
